-- ============================================================
-- RoadAssist — Seed Data
-- City: Richmond, Virginia, USA
-- ============================================================

BEGIN;

-- ------------------------------------------------------------
-- Users (3 admins, 15 mechanics, 25 owners)
-- password_hash = bcrypt of 'Password123!' for all seed users
-- ------------------------------------------------------------
INSERT INTO users (id, name, email, password_hash, phone, role, is_active, created_at, updated_at) VALUES
('fa3127b5-2a2e-41cd-ad16-cc7c7d9002b6', 'Rahul Sharma', 'admin1@roadassist.in', '$2a$12$K8HkR3YwEh0M1z7nV2F4iuLlGW5AXm9pqT6sD3rJcBfNvOyE8W2Ki', '+919000000000', 'admin', TRUE, '2026-01-31 19:21:02+00', '2026-01-31 19:21:02+00'),
('92014751-805c-4e28-82ab-e3b20f324b8f', 'Priya Nair', 'admin2@roadassist.in', '$2a$12$K8HkR3YwEh0M1z7nV2F4iuLlGW5AXm9pqT6sD3rJcBfNvOyE8W2Ki', '+919000000001', 'admin', TRUE, '2026-01-31 19:21:02+00', '2026-01-31 19:21:02+00'),
('d0e30b95-928c-4ebd-84e1-8342987748ef', 'Vikram Patel', 'admin3@roadassist.in', '$2a$12$K8HkR3YwEh0M1z7nV2F4iuLlGW5AXm9pqT6sD3rJcBfNvOyE8W2Ki', '+919000000002', 'admin', TRUE, '2026-01-31 19:21:02+00', '2026-01-31 19:21:02+00'),
('a5547a14-3953-443b-b079-4e0a4f7ea62d', 'Suresh Kumar', 'mechanic1@roadassist.in', '$2a$12$K8HkR3YwEh0M1z7nV2F4iuLlGW5AXm9pqT6sD3rJcBfNvOyE8W2Ki', '+919895822412', 'mechanic', TRUE, '2026-02-23 19:21:02+00', '2026-03-31 19:21:02+00'),
('cdf86f49-3ade-4cc3-8d35-93608f5ef275', 'Ravi Shankar', 'mechanic2@roadassist.in', '$2a$12$K8HkR3YwEh0M1z7nV2F4iuLlGW5AXm9pqT6sD3rJcBfNvOyE8W2Ki', '+919846913810', 'mechanic', TRUE, '2026-02-15 19:21:02+00', '2026-03-28 19:21:02+00'),
('cda94073-0d8b-43a2-9855-89be5eb2cd99', 'Anand Krishnan', 'mechanic3@roadassist.in', '$2a$12$K8HkR3YwEh0M1z7nV2F4iuLlGW5AXm9pqT6sD3rJcBfNvOyE8W2Ki', '+919828728463', 'mechanic', TRUE, '2026-01-14 19:21:02+00', '2026-03-30 19:21:02+00'),
('7727ed6c-d14f-4193-a5b2-2a07d791a7a5', 'Mohan Das', 'mechanic4@roadassist.in', '$2a$12$K8HkR3YwEh0M1z7nV2F4iuLlGW5AXm9pqT6sD3rJcBfNvOyE8W2Ki', '+919883197857', 'mechanic', TRUE, '2026-02-25 19:21:02+00', '2026-03-22 19:21:02+00'),
('3c16f596-6871-4c1f-acac-05038fc8ca10', 'Deepak Reddy', 'mechanic5@roadassist.in', '$2a$12$K8HkR3YwEh0M1z7nV2F4iuLlGW5AXm9pqT6sD3rJcBfNvOyE8W2Ki', '+919866629388', 'mechanic', TRUE, '2026-02-28 19:21:02+00', '2026-03-31 19:21:02+00'),
('349f9527-925d-4856-86d4-d02fee4d8328', 'Sanjay Gupta', 'mechanic6@roadassist.in', '$2a$12$K8HkR3YwEh0M1z7nV2F4iuLlGW5AXm9pqT6sD3rJcBfNvOyE8W2Ki', '+919822575562', 'mechanic', TRUE, '2026-02-17 19:21:02+00', '2026-03-28 19:21:02+00'),
('88361e35-0000-46e9-9b51-848399dd52a5', 'Arun Mehta', 'mechanic7@roadassist.in', '$2a$12$K8HkR3YwEh0M1z7nV2F4iuLlGW5AXm9pqT6sD3rJcBfNvOyE8W2Ki', '+919877827638', 'mechanic', TRUE, '2026-01-23 19:21:02+00', '2026-03-31 19:21:02+00'),
('f0da8afd-3fca-4a51-a455-5ef746e14ab2', 'Kiran Bhat', 'mechanic8@roadassist.in', '$2a$12$K8HkR3YwEh0M1z7nV2F4iuLlGW5AXm9pqT6sD3rJcBfNvOyE8W2Ki', '+919885329037', 'mechanic', TRUE, '2026-02-18 19:21:02+00', '2026-03-23 19:21:02+00'),
('177005b2-86f6-4adb-9b63-c0c7ae7a7c40', 'Naveen Joshi', 'mechanic9@roadassist.in', '$2a$12$K8HkR3YwEh0M1z7nV2F4iuLlGW5AXm9pqT6sD3rJcBfNvOyE8W2Ki', '+919866306997', 'mechanic', TRUE, '2026-02-16 19:21:02+00', '2026-03-24 19:21:02+00'),
('9c931e75-afae-42af-90be-e04a68c42a6d', 'Prakash Rao', 'mechanic10@roadassist.in', '$2a$12$K8HkR3YwEh0M1z7nV2F4iuLlGW5AXm9pqT6sD3rJcBfNvOyE8W2Ki', '+919889089901', 'mechanic', TRUE, '2026-02-13 19:21:02+00', '2026-03-31 19:21:02+00'),
('7d8fc341-a99f-4a26-9b9c-091a2978befe', 'Ajay Singh', 'mechanic11@roadassist.in', '$2a$12$K8HkR3YwEh0M1z7nV2F4iuLlGW5AXm9pqT6sD3rJcBfNvOyE8W2Ki', '+919831429110', 'mechanic', TRUE, '2026-01-17 19:21:02+00', '2026-03-25 19:21:02+00'),
('15124876-2b8b-4b90-9d7e-ef364b5a8372', 'Vijay Naidu', 'mechanic12@roadassist.in', '$2a$12$K8HkR3YwEh0M1z7nV2F4iuLlGW5AXm9pqT6sD3rJcBfNvOyE8W2Ki', '+919855667651', 'mechanic', TRUE, '2026-02-13 19:21:02+00', '2026-03-29 19:21:02+00'),
('49668762-4395-4b9a-9410-d9c889028e96', 'Ramesh Verma', 'mechanic13@roadassist.in', '$2a$12$K8HkR3YwEh0M1z7nV2F4iuLlGW5AXm9pqT6sD3rJcBfNvOyE8W2Ki', '+919838898923', 'mechanic', TRUE, '2026-01-13 19:21:02+00', '2026-03-26 19:21:02+00'),
('d94f1de0-5d81-4a74-a114-1f2ebdac6a8d', 'Sunil Patil', 'mechanic14@roadassist.in', '$2a$12$K8HkR3YwEh0M1z7nV2F4iuLlGW5AXm9pqT6sD3rJcBfNvOyE8W2Ki', '+919823718431', 'mechanic', TRUE, '2026-02-25 19:21:02+00', '2026-03-25 19:21:02+00'),
('3222f24d-4d2b-4e31-802f-4a0d2db2084a', 'Ganesh Iyer', 'mechanic15@roadassist.in', '$2a$12$K8HkR3YwEh0M1z7nV2F4iuLlGW5AXm9pqT6sD3rJcBfNvOyE8W2Ki', '+919822981052', 'mechanic', TRUE, '2026-02-08 19:21:02+00', '2026-03-26 19:21:02+00'),
('34679a0e-5a14-43f3-9c99-274cabf13f89', 'Terry Mills', 'owner1@example.com', '$2a$12$K8HkR3YwEh0M1z7nV2F4iuLlGW5AXm9pqT6sD3rJcBfNvOyE8W2Ki', '+919791030736', 'owner', TRUE, '2026-03-06 19:21:02+00', '2026-04-01 19:21:02+00'),
('8322ccff-d3b9-498a-8399-bc762dab9361', 'Elizabeth Daniel', 'owner2@example.com', '$2a$12$K8HkR3YwEh0M1z7nV2F4iuLlGW5AXm9pqT6sD3rJcBfNvOyE8W2Ki', '+919771662963', 'owner', TRUE, '2026-02-16 19:21:02+00', '2026-04-01 19:21:02+00'),
('c7d14d12-fc34-41ad-a755-21a347b31353', 'Brandon Porter', 'owner3@example.com', '$2a$12$K8HkR3YwEh0M1z7nV2F4iuLlGW5AXm9pqT6sD3rJcBfNvOyE8W2Ki', '+919760806024', 'owner', TRUE, '2026-03-17 19:21:02+00', '2026-03-28 19:21:02+00'),
('1046cad8-a5f9-4a86-a0a5-76e188e0fcbc', 'Sydney Williamson', 'owner4@example.com', '$2a$12$K8HkR3YwEh0M1z7nV2F4iuLlGW5AXm9pqT6sD3rJcBfNvOyE8W2Ki', '+919749349722', 'owner', TRUE, '2026-02-10 19:21:02+00', '2026-03-28 19:21:02+00'),
('6b08af42-cd7c-45d3-8da2-da06dcf0a0e4', 'Caleb Hernandez', 'owner5@example.com', '$2a$12$K8HkR3YwEh0M1z7nV2F4iuLlGW5AXm9pqT6sD3rJcBfNvOyE8W2Ki', '+919758537831', 'owner', TRUE, '2026-02-14 19:21:02+00', '2026-03-31 19:21:02+00'),
('8a68b582-5d1a-4dd7-ac78-d5d3ed454253', 'Sean Simpson', 'owner6@example.com', '$2a$12$K8HkR3YwEh0M1z7nV2F4iuLlGW5AXm9pqT6sD3rJcBfNvOyE8W2Ki', '+919719335534', 'owner', TRUE, '2026-03-20 19:21:02+00', '2026-03-27 19:21:02+00'),
('d24d5ec7-b709-41f9-8fcd-3490abbf029b', 'Steven Buchanan MD', 'owner7@example.com', '$2a$12$K8HkR3YwEh0M1z7nV2F4iuLlGW5AXm9pqT6sD3rJcBfNvOyE8W2Ki', '+919740587988', 'owner', TRUE, '2026-02-01 19:21:02+00', '2026-03-30 19:21:02+00'),
('0096fca9-2f27-4523-b258-08f430e8847b', 'Joshua Washington', 'owner8@example.com', '$2a$12$K8HkR3YwEh0M1z7nV2F4iuLlGW5AXm9pqT6sD3rJcBfNvOyE8W2Ki', '+919720709497', 'owner', TRUE, '2026-03-08 19:21:02+00', '2026-04-01 19:21:02+00'),
('fdd2b250-7543-49ae-b3aa-827fcc7cc765', 'Hailey Miller', 'owner9@example.com', '$2a$12$K8HkR3YwEh0M1z7nV2F4iuLlGW5AXm9pqT6sD3rJcBfNvOyE8W2Ki', '+919761019678', 'owner', TRUE, '2026-03-05 19:21:02+00', '2026-03-29 19:21:02+00'),
('a6b2c0fa-ac22-40bd-a0bc-5c989a6a77ab', 'Thomas Cline', 'owner10@example.com', '$2a$12$K8HkR3YwEh0M1z7nV2F4iuLlGW5AXm9pqT6sD3rJcBfNvOyE8W2Ki', '+919795320121', 'owner', TRUE, '2026-02-27 19:21:02+00', '2026-03-31 19:21:02+00'),
('4a75a0d6-998e-48f7-8192-37fbd0c07bdc', 'Eric Smith', 'owner11@example.com', '$2a$12$K8HkR3YwEh0M1z7nV2F4iuLlGW5AXm9pqT6sD3rJcBfNvOyE8W2Ki', '+919759684848', 'owner', TRUE, '2026-02-28 19:21:02+00', '2026-03-31 19:21:02+00'),
('83c057e1-6ac0-496e-b421-14fc2562777c', 'Nicole Abbott', 'owner12@example.com', '$2a$12$K8HkR3YwEh0M1z7nV2F4iuLlGW5AXm9pqT6sD3rJcBfNvOyE8W2Ki', '+919799949389', 'owner', TRUE, '2026-03-05 19:21:02+00', '2026-03-27 19:21:02+00'),
('77564675-4375-4c06-9d1e-8d9ec73b73f7', 'Shane Welch', 'owner13@example.com', '$2a$12$K8HkR3YwEh0M1z7nV2F4iuLlGW5AXm9pqT6sD3rJcBfNvOyE8W2Ki', '+919796977837', 'owner', TRUE, '2026-03-18 19:21:02+00', '2026-03-28 19:21:02+00'),
('1c6309dc-dd84-48b8-a5d4-06a6be36b3e8', 'Ryan Burgess', 'owner14@example.com', '$2a$12$K8HkR3YwEh0M1z7nV2F4iuLlGW5AXm9pqT6sD3rJcBfNvOyE8W2Ki', '+919795225343', 'owner', TRUE, '2026-03-12 19:21:02+00', '2026-03-28 19:21:02+00'),
('0e705f17-fdc0-443b-b4b9-ee6ae7e37231', 'Brittany Mitchell', 'owner15@example.com', '$2a$12$K8HkR3YwEh0M1z7nV2F4iuLlGW5AXm9pqT6sD3rJcBfNvOyE8W2Ki', '+919742857966', 'owner', TRUE, '2026-03-12 19:21:02+00', '2026-03-29 19:21:02+00'),
('ee691780-25e0-4d26-8581-fce21f9c5889', 'Garrett White', 'owner16@example.com', '$2a$12$K8HkR3YwEh0M1z7nV2F4iuLlGW5AXm9pqT6sD3rJcBfNvOyE8W2Ki', '+919760929647', 'owner', TRUE, '2026-03-05 19:21:02+00', '2026-03-27 19:21:02+00'),
('069f09ca-48fb-48b0-98b3-14a09df78e42', 'Julie Torres', 'owner17@example.com', '$2a$12$K8HkR3YwEh0M1z7nV2F4iuLlGW5AXm9pqT6sD3rJcBfNvOyE8W2Ki', '+919784752529', 'owner', TRUE, '2026-03-08 19:21:02+00', '2026-03-27 19:21:02+00'),
('6d36d400-6b63-43d8-b7ea-931974737e3d', 'Victoria Rice', 'owner18@example.com', '$2a$12$K8HkR3YwEh0M1z7nV2F4iuLlGW5AXm9pqT6sD3rJcBfNvOyE8W2Ki', '+919753524491', 'owner', TRUE, '2026-02-01 19:21:02+00', '2026-04-01 19:21:02+00'),
('ea4105a8-51f1-4621-a16f-f41e0d42307e', 'Sue Conway DDS', 'owner19@example.com', '$2a$12$K8HkR3YwEh0M1z7nV2F4iuLlGW5AXm9pqT6sD3rJcBfNvOyE8W2Ki', '+919740742311', 'owner', TRUE, '2026-03-20 19:21:02+00', '2026-03-30 19:21:02+00'),
('a5f177de-84e4-4e73-90f1-bb31dfa076f5', 'Robin Pittman', 'owner20@example.com', '$2a$12$K8HkR3YwEh0M1z7nV2F4iuLlGW5AXm9pqT6sD3rJcBfNvOyE8W2Ki', '+919763843426', 'owner', TRUE, '2026-03-05 19:21:02+00', '2026-04-01 19:21:02+00'),
('fd1d33ac-0e34-478a-a33b-2c97560d887f', 'Diana Martin', 'owner21@example.com', '$2a$12$K8HkR3YwEh0M1z7nV2F4iuLlGW5AXm9pqT6sD3rJcBfNvOyE8W2Ki', '+919738317637', 'owner', TRUE, '2026-02-14 19:21:02+00', '2026-03-27 19:21:02+00'),
('08127169-b064-4539-a48a-6c50803b111c', 'Christine Compton', 'owner22@example.com', '$2a$12$K8HkR3YwEh0M1z7nV2F4iuLlGW5AXm9pqT6sD3rJcBfNvOyE8W2Ki', '+919752235350', 'owner', TRUE, '2026-03-09 19:21:02+00', '2026-03-27 19:21:02+00'),
('4ed8ae2f-9569-4d6d-b2a7-63031b39a506', 'Tammy Brewer', 'owner23@example.com', '$2a$12$K8HkR3YwEh0M1z7nV2F4iuLlGW5AXm9pqT6sD3rJcBfNvOyE8W2Ki', '+919777005685', 'owner', TRUE, '2026-02-25 19:21:02+00', '2026-03-27 19:21:02+00'),
('0c649138-f52e-4057-bd92-f45a10797c20', 'Janice Mitchell DDS', 'owner24@example.com', '$2a$12$K8HkR3YwEh0M1z7nV2F4iuLlGW5AXm9pqT6sD3rJcBfNvOyE8W2Ki', '+919771586053', 'owner', TRUE, '2026-03-13 19:21:02+00', '2026-03-30 19:21:02+00'),
('fa20aebb-ec3e-40cc-adb3-3e7f712dd7e0', 'Elizabeth Duncan', 'owner25@example.com', '$2a$12$K8HkR3YwEh0M1z7nV2F4iuLlGW5AXm9pqT6sD3rJcBfNvOyE8W2Ki', '+919728740864', 'owner', TRUE, '2026-03-07 19:21:02+00', '2026-03-27 19:21:02+00');

-- ------------------------------------------------------------
-- Mechanics (spread across Richmond neighborhoods)
-- ------------------------------------------------------------
INSERT INTO mechanics (id, user_id, location, address, specialization, vehicle_types, is_available, rating, total_reviews, created_at, updated_at) VALUES
('051c2ea0-1148-4215-9c89-0551869a19e6', 'a5547a14-3953-443b-b079-4e0a4f7ea62d', ST_MakePoint(-77.4360, 37.5407)::GEOGRAPHY, '111 E Main St, Downtown Richmond, VA', 'Engine & Transmission', '{car}', TRUE, 4.8, 42, '2026-01-05 19:21:02+00', '2026-03-27 19:21:02+00'),
('b490aaad-bd37-4205-98c1-3ab24f4c6dd4', 'cdf86f49-3ade-4cc3-8d35-93608f5ef275', ST_MakePoint(-77.4761, 37.5566)::GEOGRAPHY, '2400 W Cary St, Carytown, Richmond, VA', 'Brakes & Suspension', '{bike}', TRUE, 4.5, 28, '2026-01-29 19:21:02+00', '2026-03-29 19:21:02+00'),
('1faa2e74-fdb1-476f-aebd-065d82c8947a', 'cda94073-0d8b-43a2-9855-89be5eb2cd99', ST_MakePoint(-77.4602, 37.5489)::GEOGRAPHY, '1901 Monument Ave, Museum District, Richmond, VA', 'Electrical & Battery', '{car,suv}', TRUE, 4.7, 35, '2026-01-29 19:21:02+00', '2026-03-30 19:21:02+00'),
('3dd9a728-62e9-4d2d-bb67-10929b547490', '7727ed6c-d14f-4193-a5b2-2a07d791a7a5', ST_MakePoint(-77.4425, 37.5267)::GEOGRAPHY, '1401 E Cary St, Shockoe Bottom, Richmond, VA', 'Tyres & Wheels', '{car,bike}', FALSE, 3.9, 17, '2026-01-06 19:21:02+00', '2026-03-27 19:21:02+00'),
('f74850b5-684f-4c74-95da-08818188c168', '3c16f596-6871-4c1f-acac-05038fc8ca10', ST_MakePoint(-77.4197, 37.5319)::GEOGRAPHY, '2900 E Broad St, Church Hill, Richmond, VA', 'AC & Cooling', '{truck}', TRUE, 4.2, 23, '2026-01-08 19:21:02+00', '2026-03-23 19:21:02+00'),
('4f7ac86d-7f09-4d39-b28c-d35f4b98e3a9', '349f9527-925d-4856-86d4-d02fee4d8328', ST_MakePoint(-77.4869, 37.5483)::GEOGRAPHY, '3300 W Broad St, Scott''s Addition, Richmond, VA', 'Engine & Brakes', '{car,suv,truck}', TRUE, 4.6, 51, '2026-01-23 19:21:02+00', '2026-03-28 19:21:02+00'),
('fc591981-6ede-4316-bc19-6b7a06e29e70', '88361e35-0000-46e9-9b51-848399dd52a5', ST_MakePoint(-77.4603, 37.5235)::GEOGRAPHY, '700 Semmes Ave, Manchester, Richmond, VA', 'General Repair', '{bike,car}', TRUE, 3.8, 12, '2026-02-21 19:21:02+00', '2026-03-26 19:21:02+00'),
('7e3547f4-ef2e-45e0-8d2e-2d764e727647', 'f0da8afd-3fca-4a51-a455-5ef746e14ab2', ST_MakePoint(-77.4301, 37.5624)::GEOGRAPHY, '1400 Bellevue Ave, Bellevue, Richmond, VA', 'Diesel Engines', '{car,suv}', TRUE, 4.9, 67, '2026-01-13 19:21:02+00', '2026-03-29 19:21:02+00'),
('691d7d75-e6cc-45fd-b37a-2f55a8961a16', '177005b2-86f6-4adb-9b63-c0c7ae7a7c40', ST_MakePoint(-77.4817, 37.5137)::GEOGRAPHY, '4300 Forest Hill Ave, Richmond, VA', 'Body & Paint', '{truck,car}', FALSE, 4.1, 19, '2026-01-27 19:21:02+00', '2026-03-23 19:21:02+00'),
('b9d278ae-4020-498c-bb6f-73a5bd55b338', '9c931e75-afae-42af-90be-e04a68c42a6d', ST_MakePoint(-77.4937, 37.5700)::GEOGRAPHY, '1601 Willow Lawn Dr, Richmond, VA', 'Transmission & Clutch', '{bike}', TRUE, 4.4, 30, '2026-01-03 19:21:02+00', '2026-03-31 19:21:02+00'),
('3309c0c4-3acd-47de-aa45-01e73a5a9c32', '7d8fc341-a99f-4a26-9b9c-091a2978befe', ST_MakePoint(-77.4478, 37.5901)::GEOGRAPHY, '2600 North Ave, Northside, Richmond, VA', 'Electrical Systems', '{car}', TRUE, 3.7, 8, '2026-01-23 19:21:02+00', '2026-03-26 19:21:02+00'),
('41d5a5c6-404c-419e-ad76-b7c17f2600bd', '15124876-2b8b-4b90-9d7e-ef364b5a8372', ST_MakePoint(-77.4512, 37.5162)::GEOGRAPHY, '2200 Hull St, Swansboro, Richmond, VA', 'Fuel Systems', '{suv,car}', TRUE, 4.3, 25, '2026-01-30 19:21:02+00', '2026-03-31 19:21:02+00'),
('2eedcae2-38de-4c5a-b05c-118d901ef1ee', '49668762-4395-4b9a-9410-d9c889028e96', ST_MakePoint(-77.4040, 37.5334)::GEOGRAPHY, '5101 Williamsburg Rd, Fulton, Richmond, VA', 'Exhaust & Emissions', '{bike,car}', FALSE, 4.0, 14, '2026-02-23 19:21:02+00', '2026-03-26 19:21:02+00'),
('3180bf52-2c62-41e2-8ad9-9a88f27841c6', 'd94f1de0-5d81-4a74-a114-1f2ebdac6a8d', ST_MakePoint(-77.5187, 37.5830)::GEOGRAPHY, '8000 W Broad St, West End, Richmond, VA', 'Suspension & Steering', '{car,suv,truck}', TRUE, 4.6, 38, '2026-01-05 19:21:02+00', '2026-03-27 19:21:02+00'),
('9890930b-d7ab-43c3-bce5-03fd4464d6e6', '3222f24d-4d2b-4e31-802f-4a0d2db2084a', ST_MakePoint(-77.4374, 37.6024)::GEOGRAPHY, '5500 Lakeside Ave, Richmond, VA', 'Engine Overhaul', '{bike}', TRUE, 4.8, 55, '2026-02-15 19:21:02+00', '2026-03-31 19:21:02+00');

-- ------------------------------------------------------------
-- Vehicles (2 per owner = 50 vehicles, TS series plates)
-- ------------------------------------------------------------
INSERT INTO vehicles (id, owner_id, make, model, year, license_plate, vehicle_type, created_at) VALUES
('15fcd8cc-e466-472f-b716-1ec679c9bd55', '34679a0e-5a14-43f3-9c99-274cabf13f89', 'Maruti', 'Swift', 2013, 'TS19CC8962', 'car', '2026-03-18 19:21:02+00'),
('03869381-0b36-446b-b049-a79fef25d1d9', '34679a0e-5a14-43f3-9c99-274cabf13f89', 'Honda', 'Activa', 2022, 'TS18EE8787', 'bike', '2026-02-15 19:21:02+00'),
('a29447a5-1998-48d2-b259-38ad3964bdbf', '8322ccff-d3b9-498a-8399-bc762dab9361', 'Toyota', 'Innova', 2012, 'TS09SV7932', 'suv', '2026-03-09 19:21:02+00'),
('4eb5c982-63c5-42a8-ac67-12b506694af0', '8322ccff-d3b9-498a-8399-bc762dab9361', 'Bajaj', 'Pulsar', 2018, 'TS07YK7537', 'bike', '2026-02-08 19:21:02+00'),
('bb94e7bf-6a74-4225-b34e-f20814929e55', 'c7d14d12-fc34-41ad-a755-21a347b31353', 'Hyundai', 'Creta', 2020, 'TS12QS8397', 'suv', '2026-03-15 19:21:02+00'),
('5806cac2-15aa-4f84-8be8-d2abc45efce7', 'c7d14d12-fc34-41ad-a755-21a347b31353', 'Maruti', 'Alto', 2013, 'TS08CL1344', 'car', '2026-02-13 19:21:02+00'),
('4b7e11eb-260c-4c11-9120-cced98a1a3cf', '1046cad8-a5f9-4a86-a0a5-76e188e0fcbc', 'Royal Enfield', 'Bullet', 2018, 'TS08UH1117', 'bike', '2026-03-18 19:21:02+00'),
('4e84422e-19d9-41ad-9435-e992f05fce84', '1046cad8-a5f9-4a86-a0a5-76e188e0fcbc', 'Tata', 'Nexon', 2021, 'TS02HC1514', 'car', '2026-03-01 19:21:02+00'),
('02eed0a4-8c11-4109-b322-8f648db82543', '6b08af42-cd7c-45d3-8da2-da06dcf0a0e4', 'Mahindra', 'Scorpio', 2011, 'TS17HJ8953', 'suv', '2026-03-09 19:21:02+00'),
('4844cdec-010d-4f8b-88f6-79b8994f0b8f', '6b08af42-cd7c-45d3-8da2-da06dcf0a0e4', 'TVS', 'Apache', 2018, 'TS05ZU8744', 'bike', '2026-03-07 19:21:02+00'),
('b42a16cb-894a-49d8-8494-5a208cf23ada', '8a68b582-5d1a-4dd7-ac78-d5d3ed454253', 'Ford', 'EcoSport', 2022, 'TS16PG2545', 'car', '2026-03-16 19:21:02+00'),
('bbe7b86f-4e6b-4096-83cb-76f5942a5ebd', '8a68b582-5d1a-4dd7-ac78-d5d3ed454253', 'Yamaha', 'FZ', 2020, 'TS14MP7735', 'bike', '2026-02-21 19:21:02+00'),
('2279e844-ad80-414b-af56-7a92949a4604', 'd24d5ec7-b709-41f9-8fcd-3490abbf029b', 'Kia', 'Seltos', 2023, 'TS02XW2612', 'suv', '2026-03-19 19:21:02+00'),
('2e04026f-48ad-4206-bff0-66ec05bc4fa8', 'd24d5ec7-b709-41f9-8fcd-3490abbf029b', 'Hero', 'Splendor', 2016, 'TS11DH4139', 'bike', '2026-03-10 19:21:02+00'),
('15b38469-edf3-4ab2-bc26-04614c500ad0', '0096fca9-2f27-4523-b258-08f430e8847b', 'Toyota', 'Fortuner', 2018, 'TS15EP4006', 'suv', '2026-03-05 19:21:02+00'),
('8a97057f-cca8-4207-831b-e2583e8a380a', '0096fca9-2f27-4523-b258-08f430e8847b', 'Maruti', 'Baleno', 2017, 'TS08CQ2604', 'car', '2026-03-19 19:21:02+00'),
('0b35e84c-aab7-4906-a639-1b57db7324aa', 'fdd2b250-7543-49ae-b3aa-827fcc7cc765', 'Honda', 'City', 2020, 'TS18AC4872', 'car', '2026-03-12 19:21:02+00'),
('e7de7c50-ec0c-4b04-976d-04bf3833de62', 'fdd2b250-7543-49ae-b3aa-827fcc7cc765', 'Suzuki', 'Gixxer', 2016, 'TS16RG7570', 'bike', '2026-03-19 19:21:02+00'),
('6dc01574-dd73-4603-a693-1634bfdea8ac', 'a6b2c0fa-ac22-40bd-a0bc-5c989a6a77ab', 'Tata', 'Tiago', 2012, 'TS13AN5345', 'car', '2026-01-31 19:21:02+00'),
('3a68f67d-0a2a-4797-9c90-c9c1ece2a71b', 'a6b2c0fa-ac22-40bd-a0bc-5c989a6a77ab', 'Mahindra', 'Thar', 2022, 'TS15KP8973', 'suv', '2026-03-13 19:21:02+00'),
('befb1aec-fd1a-43b0-85d0-3d02665982b2', '4a75a0d6-998e-48f7-8192-37fbd0c07bdc', 'Volvo', 'FH', 2013, 'TS10GB9883', 'truck', '2026-03-19 19:21:02+00'),
('637c1f90-d6d5-477b-b7b1-9e2f022f9dd3', '4a75a0d6-998e-48f7-8192-37fbd0c07bdc', 'Ashok Leyland', 'Dost', 2021, 'TS11BB8811', 'truck', '2026-02-18 19:21:02+00'),
('2832e14b-944e-44dc-9fcf-c82dc06b392c', '83c057e1-6ac0-496e-b421-14fc2562777c', 'Isuzu', 'D-Max', 2023, 'TS17FB9320', 'truck', '2026-03-17 19:21:02+00'),
('3e1a0752-acd8-43df-87a0-94ef54d73c93', '83c057e1-6ac0-496e-b421-14fc2562777c', 'Maruti', 'Ertiga', 2023, 'TS06CV2113', 'car', '2026-02-07 19:21:02+00'),
('23a9e456-0855-47f1-9cea-9ffe1ac0806b', '77564675-4375-4c06-9d1e-8d9ec73b73f7', 'Hyundai', 'i20', 2023, 'TS08ND5033', 'car', '2026-02-13 19:21:02+00'),
('cc1401a2-30ed-4b14-8c2a-2742a2a13990', '77564675-4375-4c06-9d1e-8d9ec73b73f7', 'Maruti', 'Swift', 2019, 'TS02VC7868', 'car', '2026-02-08 19:21:02+00'),
('b471b9c4-6628-4958-85b9-ca0f54eb1b58', '1c6309dc-dd84-48b8-a5d4-06a6be36b3e8', 'Honda', 'Activa', 2019, 'TS19SL5272', 'bike', '2026-03-09 19:21:02+00'),
('76e56942-55f9-429e-b9d7-54f44ae429f9', '1c6309dc-dd84-48b8-a5d4-06a6be36b3e8', 'Toyota', 'Innova', 2020, 'TS11HJ7484', 'suv', '2026-03-14 19:21:02+00'),
('865ba21a-55b6-4538-86e2-5927af983a7f', '0e705f17-fdc0-443b-b4b9-ee6ae7e37231', 'Bajaj', 'Pulsar', 2020, 'TS10QL2188', 'bike', '2026-03-22 19:21:02+00'),
('820fa2fb-1f34-4d4d-891c-9b01859a6da3', '0e705f17-fdc0-443b-b4b9-ee6ae7e37231', 'Hyundai', 'Creta', 2017, 'TS19DC9808', 'suv', '2026-03-09 19:21:02+00'),
('b845d6aa-4b85-4b67-b1de-07a65c76fa8f', 'ee691780-25e0-4d26-8581-fce21f9c5889', 'Maruti', 'Alto', 2018, 'TS09EM2127', 'car', '2026-03-07 19:21:02+00'),
('59cb6f40-5209-4be3-8714-263608c50c69', 'ee691780-25e0-4d26-8581-fce21f9c5889', 'Royal Enfield', 'Bullet', 2015, 'TS10FQ9900', 'bike', '2026-02-05 19:21:02+00'),
('b6189307-8eeb-42b8-bb0c-ed13b5973588', '069f09ca-48fb-48b0-98b3-14a09df78e42', 'Tata', 'Nexon', 2014, 'TS17AX5905', 'car', '2026-02-08 19:21:02+00'),
('3932b45a-da81-44d3-8373-46d4cbe98631', '069f09ca-48fb-48b0-98b3-14a09df78e42', 'Mahindra', 'Scorpio', 2011, 'TS05JD2753', 'suv', '2026-02-03 19:21:02+00'),
('adbaca80-edbc-49b6-aa7e-4d426e6f8ae7', '6d36d400-6b63-43d8-b7ea-931974737e3d', 'TVS', 'Apache', 2018, 'TS05JK4450', 'bike', '2026-02-05 19:21:02+00'),
('732b06ad-9291-44b8-a627-970336a1d8d6', '6d36d400-6b63-43d8-b7ea-931974737e3d', 'Ford', 'EcoSport', 2015, 'TS07XW5325', 'car', '2026-02-18 19:21:02+00'),
('e28b4f2c-078f-46ed-8237-8b46dc056afb', 'ea4105a8-51f1-4621-a16f-f41e0d42307e', 'Yamaha', 'FZ', 2017, 'TS09BC7939', 'bike', '2026-03-05 19:21:02+00'),
('914ab26b-2cd8-4c76-955d-925dc3464a58', 'ea4105a8-51f1-4621-a16f-f41e0d42307e', 'Kia', 'Seltos', 2010, 'TS01LE5291', 'suv', '2026-03-12 19:21:02+00'),
('7b9c4916-bca1-4561-8489-b7ab3b9d3f1b', 'a5f177de-84e4-4e73-90f1-bb31dfa076f5', 'Hero', 'Splendor', 2021, 'TS15TY8007', 'bike', '2026-02-15 19:21:02+00'),
('d56cb8ba-7337-4059-a86d-2afb384273ac', 'a5f177de-84e4-4e73-90f1-bb31dfa076f5', 'Toyota', 'Fortuner', 2010, 'TS04CY3442', 'suv', '2026-02-16 19:21:02+00'),
('473f8ee9-76d2-4b92-801f-19d3ee5d1ae0', 'fd1d33ac-0e34-478a-a33b-2c97560d887f', 'Maruti', 'Baleno', 2010, 'TS12UT3426', 'car', '2026-02-23 19:21:02+00'),
('abf4a838-8a47-4ebd-8ff1-1b6f018ac1f0', 'fd1d33ac-0e34-478a-a33b-2c97560d887f', 'Honda', 'City', 2012, 'TS02KM1653', 'car', '2026-02-28 19:21:02+00'),
('9e6342f0-0b81-4b0a-aa62-8e2e1b129fea', '08127169-b064-4539-a48a-6c50803b111c', 'Suzuki', 'Gixxer', 2013, 'TS08XD6794', 'bike', '2026-02-01 19:21:02+00'),
('f3186bd0-14c5-4459-9242-830a90f3b2b4', '08127169-b064-4539-a48a-6c50803b111c', 'Tata', 'Tiago', 2018, 'TS14VZ3532', 'car', '2026-03-07 19:21:02+00'),
('59e31937-2d49-4620-b07f-6cea1faef02e', '4ed8ae2f-9569-4d6d-b2a7-63031b39a506', 'Mahindra', 'Thar', 2023, 'TS06FP1406', 'suv', '2026-03-11 19:21:02+00'),
('a07e529f-b4c0-4886-99a7-5edc9d69bda1', '4ed8ae2f-9569-4d6d-b2a7-63031b39a506', 'Volvo', 'FH', 2021, 'TS11PX5065', 'truck', '2026-03-05 19:21:02+00'),
('4dd97543-13cc-4f46-bbea-2eadc140e6bf', '0c649138-f52e-4057-bd92-f45a10797c20', 'Ashok Leyland', 'Dost', 2012, 'TS04NB8711', 'truck', '2026-03-08 19:21:02+00'),
('41342e9d-7721-4851-9ae3-dd45fffeb129', '0c649138-f52e-4057-bd92-f45a10797c20', 'Isuzu', 'D-Max', 2013, 'TS15MK4728', 'truck', '2026-03-08 19:21:02+00'),
('1838d98b-78ba-494c-aa56-9901182f671c', 'fa20aebb-ec3e-40cc-adb3-3e7f712dd7e0', 'Maruti', 'Ertiga', 2010, 'TS07NL5564', 'car', '2026-03-18 19:21:02+00'),
('ebf350d4-0abe-4fa3-9b25-3d822ef1b5f7', 'fa20aebb-ec3e-40cc-adb3-3e7f712dd7e0', 'Hyundai', 'i20', 2022, 'TS09MW9346', 'car', '2026-02-25 19:21:02+00');

-- ------------------------------------------------------------
-- Spare Parts inventory (5-10 parts per mechanic)
-- ------------------------------------------------------------
INSERT INTO spare_parts (id, mechanic_id, part_name, part_number, quantity, min_threshold, price, compatible_vehicles, created_at, updated_at) VALUES
('296ac0ad-1b37-4162-8bc4-de0b8af74053', '051c2ea0-1148-4215-9c89-0551869a19e6', 'CVT Belt', 'CVT-018-M01', 13, 4, 1674.25, '{truck,suv}', '2026-02-08 19:21:02+00', '2026-03-30 19:21:02+00'),
('dadf444f-e46b-47d9-9054-96f72c232576', '051c2ea0-1148-4215-9c89-0551869a19e6', 'Tyre Tube (Rear)', 'TT-R-011-M01', 12, 3, 213.68, '{truck,car,suv}', '2026-02-17 19:21:02+00', '2026-03-25 19:21:02+00'),
('51a61469-e93f-430d-8673-1dab7c920aa0', '051c2ea0-1148-4215-9c89-0551869a19e6', 'Brake Pads (Front)', 'BP-F-001-M01', 2, 4, 1123.16, '{car,suv,bike}', '2026-02-08 19:21:02+00', '2026-03-27 19:21:02+00'),
('2b757ad3-21c1-4a97-9c30-cff83105fcc2', '051c2ea0-1148-4215-9c89-0551869a19e6', 'Air Filter', 'AF-004-M01', 13, 4, 360.96, '{bike,car}', '2026-02-14 19:21:02+00', '2026-03-25 19:21:02+00'),
('f45633df-9441-4d3b-9fbb-230a3ff30c53', '051c2ea0-1148-4215-9c89-0551869a19e6', 'Radiator Coolant (1L)', 'RC-1L-009-M01', 5, 4, 321.82, '{suv}', '2026-02-22 19:21:02+00', '2026-03-28 19:21:02+00'),
('f30d776a-3a82-4654-86f0-73294f821d66', '051c2ea0-1148-4215-9c89-0551869a19e6', 'Battery (12V)', 'BAT-12V-006-M01', 13, 4, 3662.47, '{bike,suv}', '2026-02-10 19:21:02+00', '2026-03-29 19:21:02+00'),
('a3fac65b-cc8f-4d7f-a0eb-5722f039dfa7', '051c2ea0-1148-4215-9c89-0551869a19e6', 'Diesel Fuel Injector', 'DFI-019-M01', 2, 4, 5577.26, '{suv,car,truck}', '2026-01-28 19:21:02+00', '2026-03-27 19:21:02+00'),
('18f7d35d-4cc8-47be-b20f-36d5144e31cd', '051c2ea0-1148-4215-9c89-0551869a19e6', 'Gear Oil (1L)', 'GO-1L-021-M01', 7, 3, 358.94, '{bike}', '2026-02-10 19:21:02+00', '2026-03-22 19:21:02+00'),
('c5ae91b1-4fc9-4e9a-9d00-d63104976af5', '051c2ea0-1148-4215-9c89-0551869a19e6', 'Brake Pads (Rear)', 'BP-R-002-M01', 2, 5, 731.55, '{bike,suv,truck}', '2026-02-09 19:21:02+00', '2026-03-25 19:21:02+00'),
('132c7062-5d38-48fe-ad58-7d6be28b9b23', '051c2ea0-1148-4215-9c89-0551869a19e6', 'Power Steering Fluid', 'PSF-022-M01', 7, 3, 479.62, '{car}', '2026-01-22 19:21:02+00', '2026-03-25 19:21:02+00'),
('da61d660-3050-41d3-b8c0-4372d9716e47', 'b490aaad-bd37-4205-98c1-3ab24f4c6dd4', 'Battery (12V)', 'BAT-12V-006-M02', 7, 2, 3641.15, '{suv,bike}', '2026-02-01 19:21:02+00', '2026-03-23 19:21:02+00'),
('386c7368-fe6b-4467-915c-04e4c8cb17f5', 'b490aaad-bd37-4205-98c1-3ab24f4c6dd4', 'AC Compressor Belt', 'AC-B-023-M02', 13, 5, 843.46, '{truck,bike,suv}', '2026-01-23 19:21:02+00', '2026-03-28 19:21:02+00'),
('bafea3fa-88c7-46a7-958d-3a34eabb2d14', 'b490aaad-bd37-4205-98c1-3ab24f4c6dd4', 'Chain Kit (Bike)', 'CK-017-M02', 8, 5, 1164.07, '{truck,car}', '2026-01-26 19:21:02+00', '2026-03-27 19:21:02+00'),
('16fccb7e-ccf7-4f40-9a84-78a649726911', 'b490aaad-bd37-4205-98c1-3ab24f4c6dd4', 'Wiper Blade (Front)', 'WB-F-015-M02', 7, 4, 334.34, '{car,truck,suv}', '2026-02-26 19:21:02+00', '2026-03-25 19:21:02+00'),
('41887102-62be-4a55-9112-4b307a55747e', 'b490aaad-bd37-4205-98c1-3ab24f4c6dd4', 'Brake Pads (Rear)', 'BP-R-002-M02', 4, 3, 451.38, '{suv,truck}', '2026-02-11 19:21:02+00', '2026-03-25 19:21:02+00'),
('14a2516a-e029-483d-9325-78a0dfc34972', 'b490aaad-bd37-4205-98c1-3ab24f4c6dd4', 'CVT Belt', 'CVT-018-M02', 1, 3, 1799.47, '{car,suv}', '2026-02-16 19:21:02+00', '2026-03-24 19:21:02+00'),
('906f711b-4809-4089-91e9-2a857dc0b920', '1faa2e74-fdb1-476f-aebd-065d82c8947a', 'Shock Absorber (Front)', 'SA-F-012-M03', 7, 5, 1704.67, '{truck,car}', '2026-02-16 19:21:02+00', '2026-03-26 19:21:02+00'),
('97789e43-6c82-410a-9121-d1199c361895', '1faa2e74-fdb1-476f-aebd-065d82c8947a', 'Tyre Tube (Front)', 'TT-F-010-M03', 12, 3, 360.13, '{car}', '2026-01-13 19:21:02+00', '2026-03-25 19:21:02+00'),
('94a369ec-61a2-4d6c-ae1f-bb28b0d1eafa', '1faa2e74-fdb1-476f-aebd-065d82c8947a', 'Oxygen Sensor', 'OS-025-M03', 0, 2, 3106.87, '{truck}', '2026-03-01 19:21:02+00', '2026-03-31 19:21:02+00'),
('53ab2d2a-79d7-446f-bcf9-ac30cafa3b87', '1faa2e74-fdb1-476f-aebd-065d82c8947a', 'Fuel Filter', 'FF-013-M03', 8, 5, 430.94, '{suv,bike}', '2026-01-23 19:21:02+00', '2026-03-25 19:21:02+00'),
('5b3428a9-b7b4-4252-b01e-5bcb887a3fe0', '1faa2e74-fdb1-476f-aebd-065d82c8947a', 'Headlight Bulb (H4)', 'HL-H4-014-M03', 8, 5, 178.02, '{truck}', '2026-03-11 19:21:02+00', '2026-03-23 19:21:02+00'),
('618d4f03-2598-4c45-9069-8a47cb67d111', '3dd9a728-62e9-4d2d-bb67-10929b547490', 'Shock Absorber (Front)', 'SA-F-012-M04', 1, 2, 3384.11, '{car}', '2026-02-01 19:21:02+00', '2026-03-29 19:21:02+00'),
('f141196e-9e98-4079-80c7-9e5773917ee9', '3dd9a728-62e9-4d2d-bb67-10929b547490', 'Alternator Belt', 'ALT-B-008-M04', 7, 3, 536.78, '{bike}', '2026-02-11 19:21:02+00', '2026-03-27 19:21:02+00'),
('83950fe4-96f9-4389-9653-330748c685d8', '3dd9a728-62e9-4d2d-bb67-10929b547490', 'Gear Oil (1L)', 'GO-1L-021-M04', 11, 3, 542.36, '{car,truck,bike}', '2026-03-06 19:21:02+00', '2026-03-22 19:21:02+00'),
('89c4b749-e256-4618-90b8-ac062a031e3d', '3dd9a728-62e9-4d2d-bb67-10929b547490', 'Engine Oil Filter', 'EO-F-003-M04', 0, 4, 293.95, '{truck,suv}', '2026-02-28 19:21:02+00', '2026-03-30 19:21:02+00'),
('2c4a7029-5c43-4e89-ae4d-fc831dd0eb39', '3dd9a728-62e9-4d2d-bb67-10929b547490', 'Oxygen Sensor', 'OS-025-M04', 7, 2, 3242.98, '{car,suv}', '2026-01-21 19:21:02+00', '2026-03-31 19:21:02+00'),
('072ae389-e6a4-4ca1-81ed-89ba5c9aad72', 'f74850b5-684f-4c74-95da-08818188c168', 'CVT Belt', 'CVT-018-M05', 0, 5, 1786.8, '{truck}', '2026-02-17 19:21:02+00', '2026-03-24 19:21:02+00'),
('4bb514d4-0c5f-498c-822f-8f04e4356c0e', 'f74850b5-684f-4c74-95da-08818188c168', 'Headlight Bulb (H4)', 'HL-H4-014-M05', 4, 5, 160.51, '{suv,truck,bike}', '2026-02-11 19:21:02+00', '2026-03-25 19:21:02+00'),
('57bcd6a7-abcc-4ca4-bbb9-623d73fcd85f', 'f74850b5-684f-4c74-95da-08818188c168', 'Power Steering Fluid', 'PSF-022-M05', 8, 4, 548.1, '{suv}', '2026-01-15 19:21:02+00', '2026-03-24 19:21:02+00'),
('da07b327-8256-45cf-8db4-8012e0db7f66', 'f74850b5-684f-4c74-95da-08818188c168', 'Shock Absorber (Front)', 'SA-F-012-M05', 7, 5, 2510.65, '{truck,bike,car}', '2026-02-09 19:21:02+00', '2026-03-26 19:21:02+00'),
('87763223-5e92-4a0b-9596-d25f971e6f71', 'f74850b5-684f-4c74-95da-08818188c168', 'Engine Oil Filter', 'EO-F-003-M05', 5, 5, 203.03, '{suv,bike}', '2026-01-15 19:21:02+00', '2026-03-22 19:21:02+00'),
('b663c06e-b2c4-4885-8751-9d565fa43eb3', 'f74850b5-684f-4c74-95da-08818188c168', 'Chain Kit (Bike)', 'CK-017-M05', 8, 2, 1064.96, '{car}', '2026-02-25 19:21:02+00', '2026-03-25 19:21:02+00'),
('82073efb-141c-402a-bedf-127f5ed52845', 'f74850b5-684f-4c74-95da-08818188c168', 'Tyre Tube (Rear)', 'TT-R-011-M05', 15, 3, 322.65, '{truck,bike,car}', '2026-03-07 19:21:02+00', '2026-03-27 19:21:02+00'),
('b490896f-b3be-4dac-9d40-35841b4abdcc', '4f7ac86d-7f09-4d39-b28c-d35f4b98e3a9', 'Fuel Filter', 'FF-013-M06', 15, 4, 470.2, '{suv,bike,truck}', '2026-02-23 19:21:02+00', '2026-03-27 19:21:02+00'),
('fd560043-a863-4664-b6e3-89a595b34414', '4f7ac86d-7f09-4d39-b28c-d35f4b98e3a9', 'AC Compressor Belt', 'AC-B-023-M06', 8, 3, 416.36, '{suv}', '2026-03-05 19:21:02+00', '2026-03-23 19:21:02+00'),
('70b0eb16-2d8b-4d4b-8f1b-0450a4b6c55a', '4f7ac86d-7f09-4d39-b28c-d35f4b98e3a9', 'Alternator Belt', 'ALT-B-008-M06', 5, 3, 408.19, '{suv,truck}', '2026-02-03 19:21:02+00', '2026-03-23 19:21:02+00'),
('5b1d1162-69c8-480a-ad16-d80e7881d4ca', '4f7ac86d-7f09-4d39-b28c-d35f4b98e3a9', 'Tyre Tube (Front)', 'TT-F-010-M06', 9, 2, 358.16, '{bike,truck}', '2026-03-01 19:21:02+00', '2026-03-27 19:21:02+00'),
('deeecf46-3b01-470d-b69d-80d8345fa49f', '4f7ac86d-7f09-4d39-b28c-d35f4b98e3a9', 'Diesel Fuel Injector', 'DFI-019-M06', 0, 3, 4371.56, '{suv}', '2026-01-27 19:21:02+00', '2026-03-29 19:21:02+00'),
('135ab4d1-3500-4a09-b759-6d8ffe6a1682', '4f7ac86d-7f09-4d39-b28c-d35f4b98e3a9', 'Shock Absorber (Front)', 'SA-F-012-M06', 15, 2, 3207.26, '{suv,bike,truck}', '2026-02-12 19:21:02+00', '2026-03-26 19:21:02+00'),
('fccb9b95-5625-43b2-ba19-a6b0fefe4cc4', 'fc591981-6ede-4316-bc19-6b7a06e29e70', 'Brake Pads (Rear)', 'BP-R-002-M07', 15, 2, 861.62, '{car,truck,suv}', '2026-01-20 19:21:02+00', '2026-03-22 19:21:02+00'),
('36511483-7b31-4d70-ac9f-c8014fec45b9', 'fc591981-6ede-4316-bc19-6b7a06e29e70', 'Radiator Coolant (1L)', 'RC-1L-009-M07', 9, 2, 498.18, '{truck}', '2026-02-02 19:21:02+00', '2026-03-22 19:21:02+00'),
('2399f758-dc24-4855-91ef-8c70a7fb8904', 'fc591981-6ede-4316-bc19-6b7a06e29e70', 'Brake Fluid (500ml)', 'BF-016-M07', 7, 5, 279.11, '{suv,truck}', '2026-02-13 19:21:02+00', '2026-03-27 19:21:02+00'),
('2583c6fb-ad5e-400f-a727-ea366ca7118e', 'fc591981-6ede-4316-bc19-6b7a06e29e70', 'Air Filter', 'AF-004-M07', 1, 2, 579.04, '{bike}', '2026-02-24 19:21:02+00', '2026-03-30 19:21:02+00'),
('c9b3bd40-b041-4e06-9461-ce89eb2241dd', 'fc591981-6ede-4316-bc19-6b7a06e29e70', 'Engine Oil Filter', 'EO-F-003-M07', 5, 3, 193.45, '{bike}', '2026-03-12 19:21:02+00', '2026-03-25 19:21:02+00'),
('34382a3e-0aad-4f78-b030-fcd1259062ef', 'fc591981-6ede-4316-bc19-6b7a06e29e70', 'Fuel Filter', 'FF-013-M07', 14, 5, 416.5, '{suv}', '2026-01-26 19:21:02+00', '2026-03-27 19:21:02+00'),
('76c570d5-5cd5-4b1f-95a8-e1bd67a3a4fd', '7e3547f4-ef2e-45e0-8d2e-2d764e727647', 'Wiper Blade (Front)', 'WB-F-015-M08', 4, 4, 530.65, '{car}', '2026-03-02 19:21:02+00', '2026-03-27 19:21:02+00'),
('21f5e6a3-a930-4495-98fe-3df89a8505dd', '7e3547f4-ef2e-45e0-8d2e-2d764e727647', 'Engine Oil Filter', 'EO-F-003-M08', 9, 5, 181.09, '{suv,truck,bike}', '2026-01-11 19:21:02+00', '2026-03-27 19:21:02+00'),
('0778ecd2-f17e-49de-b1ed-7f100265f133', '7e3547f4-ef2e-45e0-8d2e-2d764e727647', 'Power Steering Fluid', 'PSF-022-M08', 15, 5, 278.15, '{truck}', '2026-01-24 19:21:02+00', '2026-03-26 19:21:02+00'),
('a98d45ce-74a6-4e1f-871d-f91bef2df97d', '7e3547f4-ef2e-45e0-8d2e-2d764e727647', 'Alternator Belt', 'ALT-B-008-M08', 8, 2, 345.66, '{car,suv,bike}', '2026-02-04 19:21:02+00', '2026-03-31 19:21:02+00'),
('d10aaf07-2eb9-41a3-8aa5-229316f756ed', '7e3547f4-ef2e-45e0-8d2e-2d764e727647', 'Radiator Coolant (1L)', 'RC-1L-009-M08', 5, 5, 355.69, '{suv,car}', '2026-02-03 19:21:02+00', '2026-03-25 19:21:02+00'),
('b45e7d42-064c-4427-bed6-00bfecf499dc', '7e3547f4-ef2e-45e0-8d2e-2d764e727647', 'Diesel Fuel Injector', 'DFI-019-M08', 15, 2, 5350.05, '{suv,bike}', '2026-01-29 19:21:02+00', '2026-03-30 19:21:02+00'),
('97c87e21-96a4-4933-b82d-54e219acb53f', '7e3547f4-ef2e-45e0-8d2e-2d764e727647', 'Clutch Plate', 'CP-007-M08', 5, 4, 1293.97, '{suv,truck}', '2026-01-11 19:21:02+00', '2026-03-25 19:21:02+00'),
('25314657-15f9-4e9b-aead-e2fd7679aa7e', '7e3547f4-ef2e-45e0-8d2e-2d764e727647', 'Headlight Bulb (H4)', 'HL-H4-014-M08', 1, 5, 140.25, '{suv,car}', '2026-01-22 19:21:02+00', '2026-03-25 19:21:02+00'),
('0071c6a0-18f4-4fed-a4b9-9745e7b77e03', '7e3547f4-ef2e-45e0-8d2e-2d764e727647', 'Air Filter', 'AF-004-M08', 0, 5, 365.3, '{suv}', '2026-02-01 19:21:02+00', '2026-03-24 19:21:02+00'),
('71679655-0a56-4a4e-a90a-4952e2ecdfb0', '7e3547f4-ef2e-45e0-8d2e-2d764e727647', 'AC Compressor Belt', 'AC-B-023-M08', 14, 2, 461.96, '{bike,truck,suv}', '2026-01-15 19:21:02+00', '2026-03-24 19:21:02+00'),
('dbaf6108-93d3-4f1f-8e0c-b9954b736125', '691d7d75-e6cc-45fd-b37a-2f55a8961a16', 'Brake Pads (Front)', 'BP-F-001-M09', 5, 4, 1050.84, '{truck,car,suv}', '2026-01-18 19:21:02+00', '2026-03-30 19:21:02+00'),
('2a92f55c-6ce0-4866-92a3-ed58e6a8d9cd', '691d7d75-e6cc-45fd-b37a-2f55a8961a16', 'Gear Oil (1L)', 'GO-1L-021-M09', 14, 2, 559.08, '{truck}', '2026-01-12 19:21:02+00', '2026-03-27 19:21:02+00'),
('bf170617-f4b3-441c-9033-53db5f9962f7', '691d7d75-e6cc-45fd-b37a-2f55a8961a16', 'Glow Plug (Diesel)', 'GP-D-020-M09', 8, 5, 817.36, '{bike,truck}', '2026-02-05 19:21:02+00', '2026-03-29 19:21:02+00'),
('344c8bfd-89c4-4f18-90b3-8cb29b98f522', '691d7d75-e6cc-45fd-b37a-2f55a8961a16', 'Alternator Belt', 'ALT-B-008-M09', 12, 3, 760.93, '{bike,car,truck}', '2026-01-22 19:21:02+00', '2026-03-25 19:21:02+00'),
('4803294f-adad-4a13-9f60-79c0cb956aae', '691d7d75-e6cc-45fd-b37a-2f55a8961a16', 'AC Compressor Belt', 'AC-B-023-M09', 10, 4, 801.3, '{suv,truck}', '2026-02-03 19:21:02+00', '2026-03-24 19:21:02+00'),
('83d53a29-70dc-4a87-b0ce-3c2a590f38b3', 'b9d278ae-4020-498c-bb6f-73a5bd55b338', 'Wiper Blade (Front)', 'WB-F-015-M10', 12, 5, 573.14, '{bike}', '2026-02-04 19:21:02+00', '2026-03-25 19:21:02+00'),
('17d87fed-e82f-44be-881a-b9074923e4b2', 'b9d278ae-4020-498c-bb6f-73a5bd55b338', 'CVT Belt', 'CVT-018-M10', 7, 5, 852.38, '{truck,suv,bike}', '2026-02-16 19:21:02+00', '2026-03-29 19:21:02+00'),
('ee68ff69-fdff-44a4-b585-1a6f161e33be', 'b9d278ae-4020-498c-bb6f-73a5bd55b338', 'Brake Fluid (500ml)', 'BF-016-M10', 15, 2, 207.77, '{suv,car,bike}', '2026-03-06 19:21:02+00', '2026-03-23 19:21:02+00'),
('fb3cb329-99c2-49f5-b74f-cdaa12a95ab0', 'b9d278ae-4020-498c-bb6f-73a5bd55b338', 'Shock Absorber (Front)', 'SA-F-012-M10', 14, 2, 2861.62, '{bike,car}', '2026-02-10 19:21:02+00', '2026-03-27 19:21:02+00'),
('0bde61f9-95e6-4172-bb10-b10b2a39bafe', 'b9d278ae-4020-498c-bb6f-73a5bd55b338', 'Tyre Tube (Rear)', 'TT-R-011-M10', 10, 5, 312.46, '{truck,bike}', '2026-01-31 19:21:02+00', '2026-03-24 19:21:02+00'),
('d1946283-5374-48c0-9654-30bda964e6f3', 'b9d278ae-4020-498c-bb6f-73a5bd55b338', 'Cabin Air Filter', 'CAF-024-M10', 1, 2, 393.91, '{suv,car,truck}', '2026-02-13 19:21:02+00', '2026-03-30 19:21:02+00'),
('d589aa5e-5268-4bc5-8bb7-387d9dc1ccaf', '3309c0c4-3acd-47de-aa45-01e73a5a9c32', 'AC Compressor Belt', 'AC-B-023-M11', 11, 4, 586.88, '{truck}', '2026-02-04 19:21:02+00', '2026-03-29 19:21:02+00'),
('80da0efa-a2bc-451d-a473-666b8031c411', '3309c0c4-3acd-47de-aa45-01e73a5a9c32', 'Air Filter', 'AF-004-M11', 5, 3, 231.59, '{bike,truck}', '2026-01-13 19:21:02+00', '2026-03-22 19:21:02+00'),
('4bfba3d8-8219-4d92-8efe-5e8d1ad1f7d1', '3309c0c4-3acd-47de-aa45-01e73a5a9c32', 'Wiper Blade (Front)', 'WB-F-015-M11', 4, 3, 384.46, '{truck,bike}', '2026-01-29 19:21:02+00', '2026-03-31 19:21:02+00'),
('21fb352b-7b1c-4637-a012-fdfd631d9921', '3309c0c4-3acd-47de-aa45-01e73a5a9c32', 'Battery (12V)', 'BAT-12V-006-M11', 14, 4, 4194.03, '{car}', '2026-02-12 19:21:02+00', '2026-03-26 19:21:02+00'),
('2745c6f2-fe20-4d9e-baec-df9f7e3f7710', '3309c0c4-3acd-47de-aa45-01e73a5a9c32', 'Tyre Tube (Front)', 'TT-F-010-M11', 9, 5, 322.58, '{suv,car}', '2026-02-16 19:21:02+00', '2026-03-24 19:21:02+00'),
('996dd113-c605-47f6-8ba0-af9a484f130a', '3309c0c4-3acd-47de-aa45-01e73a5a9c32', 'Brake Pads (Front)', 'BP-F-001-M11', 3, 3, 881.36, '{suv,truck}', '2026-02-22 19:21:02+00', '2026-03-31 19:21:02+00'),
('0818cc37-c24b-412b-a2b0-8ecf8953bc82', '3309c0c4-3acd-47de-aa45-01e73a5a9c32', 'Brake Pads (Rear)', 'BP-R-002-M11', 12, 4, 406.48, '{car,suv,bike}', '2026-01-18 19:21:02+00', '2026-03-27 19:21:02+00'),
('b7ec393b-719f-4ebc-aca4-d20457e93a36', '3309c0c4-3acd-47de-aa45-01e73a5a9c32', 'Tyre Tube (Rear)', 'TT-R-011-M11', 7, 4, 204.75, '{suv}', '2026-01-28 19:21:02+00', '2026-03-29 19:21:02+00'),
('503b6810-b802-4f4f-8d66-ea3b266aea10', '3309c0c4-3acd-47de-aa45-01e73a5a9c32', 'Diesel Fuel Injector', 'DFI-019-M11', 3, 2, 4544.66, '{car,suv}', '2026-02-17 19:21:02+00', '2026-03-29 19:21:02+00'),
('92d598f1-4732-4f6d-ad97-8c6c3dee5fb8', '3309c0c4-3acd-47de-aa45-01e73a5a9c32', 'Gear Oil (1L)', 'GO-1L-021-M11', 2, 4, 430.69, '{bike,car}', '2026-03-04 19:21:02+00', '2026-03-23 19:21:02+00'),
('464d038d-11f1-4c45-8120-11c4981bd004', '41d5a5c6-404c-419e-ad76-b7c17f2600bd', 'Chain Kit (Bike)', 'CK-017-M12', 10, 2, 1021.5, '{bike}', '2026-01-23 19:21:02+00', '2026-03-28 19:21:02+00'),
('db7fb2dc-fa8e-4cd5-a92d-c4ed5c92ca93', '41d5a5c6-404c-419e-ad76-b7c17f2600bd', 'Oxygen Sensor', 'OS-025-M12', 12, 4, 1725.76, '{car,bike}', '2026-02-06 19:21:02+00', '2026-03-30 19:21:02+00'),
('31a2797d-a182-48d9-a3b4-81f413a68c1e', '41d5a5c6-404c-419e-ad76-b7c17f2600bd', 'Radiator Coolant (1L)', 'RC-1L-009-M12', 14, 4, 401.85, '{suv,truck,bike}', '2026-01-19 19:21:02+00', '2026-03-26 19:21:02+00'),
('e8061c3d-3cdc-4a51-b447-c889a03f40d5', '41d5a5c6-404c-419e-ad76-b7c17f2600bd', 'Battery (12V)', 'BAT-12V-006-M12', 3, 3, 3678.69, '{suv,truck,car}', '2026-01-30 19:21:02+00', '2026-03-30 19:21:02+00'),
('74d4a650-6538-4848-8182-66421d3893ba', '41d5a5c6-404c-419e-ad76-b7c17f2600bd', 'AC Compressor Belt', 'AC-B-023-M12', 14, 4, 707.08, '{bike}', '2026-03-10 19:21:02+00', '2026-03-31 19:21:02+00'),
('9d2f56ef-fe8b-4071-bc11-64f1a15665bd', '41d5a5c6-404c-419e-ad76-b7c17f2600bd', 'Brake Fluid (500ml)', 'BF-016-M12', 9, 5, 205.55, '{bike}', '2026-02-16 19:21:02+00', '2026-03-24 19:21:02+00'),
('a09d5eb0-4738-4a92-984f-e9ba570af772', '41d5a5c6-404c-419e-ad76-b7c17f2600bd', 'Tyre Tube (Front)', 'TT-F-010-M12', 11, 5, 296.84, '{bike,truck,car}', '2026-01-18 19:21:02+00', '2026-03-24 19:21:02+00'),
('9da27a66-bd9d-4f87-8166-968f2624032c', '2eedcae2-38de-4c5a-b05c-118d901ef1ee', 'Headlight Bulb (H4)', 'HL-H4-014-M13', 3, 4, 245.23, '{suv,car,bike}', '2026-02-23 19:21:02+00', '2026-03-28 19:21:02+00'),
('c7eb7075-02dd-4783-bad9-9674ebb2f86a', '2eedcae2-38de-4c5a-b05c-118d901ef1ee', 'Radiator Coolant (1L)', 'RC-1L-009-M13', 3, 5, 227.5, '{car}', '2026-03-09 19:21:02+00', '2026-03-26 19:21:02+00'),
('0dfe5b89-7670-44ac-8688-ef5d52ecfdab', '2eedcae2-38de-4c5a-b05c-118d901ef1ee', 'Brake Pads (Rear)', 'BP-R-002-M13', 7, 3, 1029.58, '{car}', '2026-01-18 19:21:02+00', '2026-03-23 19:21:02+00'),
('4b9dd5ac-dbba-4ee4-a188-e2fb535d0e7a', '2eedcae2-38de-4c5a-b05c-118d901ef1ee', 'Shock Absorber (Front)', 'SA-F-012-M13', 6, 3, 3070.02, '{suv}', '2026-01-22 19:21:02+00', '2026-03-29 19:21:02+00'),
('fe3bba81-dc05-426a-9601-903d33fed7c9', '2eedcae2-38de-4c5a-b05c-118d901ef1ee', 'Clutch Plate', 'CP-007-M13', 0, 4, 1830.09, '{bike}', '2026-02-06 19:21:02+00', '2026-03-27 19:21:02+00'),
('120e6e81-3883-4ca8-9b85-90b49d91bc3e', '2eedcae2-38de-4c5a-b05c-118d901ef1ee', 'Wiper Blade (Front)', 'WB-F-015-M13', 5, 2, 464.42, '{bike}', '2026-03-12 19:21:02+00', '2026-03-26 19:21:02+00'),
('ade9ed56-846c-49ef-9a30-8bed02989169', '2eedcae2-38de-4c5a-b05c-118d901ef1ee', 'Glow Plug (Diesel)', 'GP-D-020-M13', 7, 4, 407.89, '{car,truck}', '2026-01-24 19:21:02+00', '2026-03-25 19:21:02+00'),
('008aa4a7-facc-415b-843b-ac36fb2378fb', '2eedcae2-38de-4c5a-b05c-118d901ef1ee', 'Alternator Belt', 'ALT-B-008-M13', 3, 2, 538.12, '{car,bike}', '2026-02-08 19:21:02+00', '2026-03-28 19:21:02+00'),
('3e6fefbe-38b5-465c-addc-79ccc3f9a372', '2eedcae2-38de-4c5a-b05c-118d901ef1ee', 'Power Steering Fluid', 'PSF-022-M13', 1, 4, 410.31, '{car}', '2026-02-10 19:21:02+00', '2026-03-25 19:21:02+00'),
('b1e5d149-4749-4358-bcf0-2d49190bb5f4', '3180bf52-2c62-41e2-8ad9-9a88f27841c6', 'Power Steering Fluid', 'PSF-022-M14', 2, 3, 346.26, '{suv,bike,truck}', '2026-02-11 19:21:02+00', '2026-03-23 19:21:02+00'),
('57acd193-0872-4d1e-9c68-199083f800f1', '3180bf52-2c62-41e2-8ad9-9a88f27841c6', 'Air Filter', 'AF-004-M14', 13, 2, 517.24, '{bike}', '2026-02-13 19:21:02+00', '2026-03-24 19:21:02+00'),
('16cad387-8f41-437b-92b1-5a799faad15b', '3180bf52-2c62-41e2-8ad9-9a88f27841c6', 'Brake Fluid (500ml)', 'BF-016-M14', 7, 5, 254.56, '{truck,bike}', '2026-01-25 19:21:02+00', '2026-03-30 19:21:02+00'),
('9c5e3f0d-0964-4875-a0fc-0e1b25cb865d', '3180bf52-2c62-41e2-8ad9-9a88f27841c6', 'Wiper Blade (Front)', 'WB-F-015-M14', 10, 5, 325.01, '{suv,car}', '2026-01-28 19:21:02+00', '2026-03-24 19:21:02+00'),
('b0ee6d86-b6e9-46a2-bdbb-cfa1c75134a7', '3180bf52-2c62-41e2-8ad9-9a88f27841c6', 'Engine Oil Filter', 'EO-F-003-M14', 2, 2, 357.94, '{truck}', '2026-03-06 19:21:02+00', '2026-03-26 19:21:02+00'),
('3f574dd3-8233-48ed-856f-34aabfd49107', '3180bf52-2c62-41e2-8ad9-9a88f27841c6', 'Gear Oil (1L)', 'GO-1L-021-M14', 4, 2, 534.59, '{suv,truck,car}', '2026-02-14 19:21:02+00', '2026-03-26 19:21:02+00'),
('9e0527a1-5d7a-4980-8a16-bbb16fe708c8', '3180bf52-2c62-41e2-8ad9-9a88f27841c6', 'Tyre Tube (Rear)', 'TT-R-011-M14', 13, 2, 392.1, '{suv,bike,car}', '2026-02-04 19:21:02+00', '2026-03-23 19:21:02+00'),
('5f637721-dba9-4c42-af91-c27361009207', '3180bf52-2c62-41e2-8ad9-9a88f27841c6', 'Spark Plug', 'SP-005-M14', 6, 3, 191.65, '{car}', '2026-02-18 19:21:02+00', '2026-03-23 19:21:02+00'),
('da0adf63-bd0e-4b15-b707-9c8c39c494e9', '9890930b-d7ab-43c3-bce5-03fd4464d6e6', 'Air Filter', 'AF-004-M15', 0, 4, 211.58, '{suv,bike}', '2026-02-18 19:21:02+00', '2026-03-31 19:21:02+00'),
('c80d100d-6fa0-4283-abc8-d88074fc5fd3', '9890930b-d7ab-43c3-bce5-03fd4464d6e6', 'Radiator Coolant (1L)', 'RC-1L-009-M15', 5, 3, 369.9, '{car,truck}', '2026-01-24 19:21:02+00', '2026-03-31 19:21:02+00'),
('765e3088-11fa-4fe8-91dd-021012875ece', '9890930b-d7ab-43c3-bce5-03fd4464d6e6', 'Diesel Fuel Injector', 'DFI-019-M15', 2, 3, 4880.97, '{suv,car}', '2026-02-17 19:21:02+00', '2026-03-27 19:21:02+00'),
('455cd1fe-164a-410d-bfce-c85c53d68944', '9890930b-d7ab-43c3-bce5-03fd4464d6e6', 'Alternator Belt', 'ALT-B-008-M15', 10, 2, 741.67, '{bike}', '2026-01-23 19:21:02+00', '2026-03-22 19:21:02+00'),
('577dc831-dda6-4e5d-a78b-d4f7b719e8c1', '9890930b-d7ab-43c3-bce5-03fd4464d6e6', 'Headlight Bulb (H4)', 'HL-H4-014-M15', 1, 2, 182.58, '{truck,bike,suv}', '2026-02-14 19:21:02+00', '2026-03-27 19:21:02+00'),
('cf72c301-b6a2-480c-8192-82be12d4cf48', '9890930b-d7ab-43c3-bce5-03fd4464d6e6', 'CVT Belt', 'CVT-018-M15', 6, 2, 1214.21, '{suv}', '2026-01-28 19:21:02+00', '2026-03-22 19:21:02+00'),
('4546803e-1966-456e-bc01-dadc53b434e6', '9890930b-d7ab-43c3-bce5-03fd4464d6e6', 'Glow Plug (Diesel)', 'GP-D-020-M15', 15, 4, 422.71, '{car,truck}', '2026-02-27 19:21:02+00', '2026-03-27 19:21:02+00');

-- ------------------------------------------------------------
-- Service Requests (60 requests, varied statuses)
-- ------------------------------------------------------------
INSERT INTO service_requests (id, owner_id, mechanic_id, vehicle_id, problem_desc, status, owner_location, total_cost, created_at, updated_at) VALUES
('40a3ddd5-cb43-4a59-86a6-b5524da320eb', 'c7d14d12-fc34-41ad-a755-21a347b31353', '051c2ea0-1148-4215-9c89-0551869a19e6', 'bb94e7bf-6a74-4225-b34e-f20814929e55', 'Car won''t start, battery seems dead', 'in_progress', ST_MakePoint(78.408171, 17.432651)::GEOGRAPHY, NULL, '2026-02-11 14:21:02+00', '2026-02-12 19:21:02+00'),
('8949bb0c-f14b-455f-863c-638c072ef507', '83c057e1-6ac0-496e-b421-14fc2562777c', 'b490aaad-bd37-4205-98c1-3ab24f4c6dd4', '2832e14b-944e-44dc-9fcf-c82dc06b392c', 'Flat tyre on the highway', 'in_progress', ST_MakePoint(78.393933, 17.359067)::GEOGRAPHY, NULL, '2026-03-20 17:21:02+00', '2026-03-21 19:21:02+00'),
('9987a3fd-9a0f-425a-888d-dfb9e4dc883f', 'a5f177de-84e4-4e73-90f1-bb31dfa076f5', '1faa2e74-fdb1-476f-aebd-065d82c8947a', '7b9c4916-bca1-4561-8489-b7ab3b9d3f1b', 'Engine overheating, coolant leaking', 'completed', ST_MakePoint(78.546653, 17.490054)::GEOGRAPHY, 1132.59, '2026-02-11 09:21:02+00', '2026-02-12 19:21:02+00'),
('820cdf24-76dc-481a-9a62-424dded9bb4d', 'ee691780-25e0-4d26-8581-fce21f9c5889', NULL, '59cb6f40-5209-4be3-8714-263608c50c69', 'Brakes making grinding noise', 'requested', ST_MakePoint(78.577963, 17.488611)::GEOGRAPHY, NULL, '2026-03-04 09:21:02+00', '2026-03-05 19:21:02+00'),
('1d1e9994-f7bd-459a-ad30-17ecf53fff8e', 'ea4105a8-51f1-4621-a16f-f41e0d42307e', NULL, '914ab26b-2cd8-4c76-955d-925dc3464a58', 'Bike chain snapped', 'requested', ST_MakePoint(78.538165, 17.516062)::GEOGRAPHY, NULL, '2026-03-23 12:21:02+00', '2026-03-24 19:21:02+00'),
('d7517735-4332-4132-bb8e-6f73f5fbd10a', 'c7d14d12-fc34-41ad-a755-21a347b31353', '4f7ac86d-7f09-4d39-b28c-d35f4b98e3a9', '5806cac2-15aa-4f84-8be8-d2abc45efce7', 'AC not cooling', 'cancelled', ST_MakePoint(78.440846, 17.410552)::GEOGRAPHY, NULL, '2026-03-15 10:21:02+00', '2026-03-16 19:21:02+00'),
('1e4471ba-3335-45c2-b128-495e06fe66b1', '8322ccff-d3b9-498a-8399-bc762dab9361', 'fc591981-6ede-4316-bc19-6b7a06e29e70', '4eb5c982-63c5-42a8-ac67-12b506694af0', 'Check engine light on', 'completed', ST_MakePoint(78.443122, 17.426834)::GEOGRAPHY, 2424.0, '2026-03-29 14:21:02+00', '2026-03-30 19:21:02+00'),
('33e9d476-3716-4744-9e4c-acb6f2b1c7f6', 'a6b2c0fa-ac22-40bd-a0bc-5c989a6a77ab', '7e3547f4-ef2e-45e0-8d2e-2d764e727647', '6dc01574-dd73-4603-a693-1634bfdea8ac', 'Clutch slipping badly', 'in_progress', ST_MakePoint(78.643211, 17.461167)::GEOGRAPHY, NULL, '2026-03-27 10:21:02+00', '2026-03-28 19:21:02+00'),
('4e432270-80aa-48bf-b66b-2fdb0f0cf799', 'a5f177de-84e4-4e73-90f1-bb31dfa076f5', NULL, 'd56cb8ba-7337-4059-a86d-2afb384273ac', 'Headlights not working', 'requested', ST_MakePoint(78.516295, 17.415678)::GEOGRAPHY, NULL, '2026-02-10 08:21:02+00', '2026-02-11 19:21:02+00'),
('89e5b8a8-c7f5-4f79-b996-847066442ba5', '8322ccff-d3b9-498a-8399-bc762dab9361', 'b9d278ae-4020-498c-bb6f-73a5bd55b338', '4eb5c982-63c5-42a8-ac67-12b506694af0', 'Fuel pump failure', 'completed', ST_MakePoint(78.521497, 17.527262)::GEOGRAPHY, 1184.73, '2026-02-22 12:21:02+00', '2026-02-23 19:21:02+00'),
('ea107daa-a0a7-4bb8-b6f1-d0ae0a83bf90', '069f09ca-48fb-48b0-98b3-14a09df78e42', '3309c0c4-3acd-47de-aa45-01e73a5a9c32', 'b6189307-8eeb-42b8-bb0c-ed13b5973588', 'Tyre puncture', 'accepted', ST_MakePoint(78.485157, 17.539431)::GEOGRAPHY, NULL, '2026-02-09 14:21:02+00', '2026-02-10 19:21:02+00'),
('3ff3433c-12b0-4e06-a3ff-606f28be2b1c', '4ed8ae2f-9569-4d6d-b2a7-63031b39a506', '41d5a5c6-404c-419e-ad76-b7c17f2600bd', '59e31937-2d49-4620-b07f-6cea1faef02e', 'Gear shift stuck', 'completed', ST_MakePoint(78.401768, 17.426137)::GEOGRAPHY, 1464.4, '2026-03-04 12:21:02+00', '2026-03-05 19:21:02+00'),
('ef067523-5baf-4a45-a630-40565ba86719', '069f09ca-48fb-48b0-98b3-14a09df78e42', NULL, 'b6189307-8eeb-42b8-bb0c-ed13b5973588', 'Engine oil leaking', 'requested', ST_MakePoint(78.625381, 17.390974)::GEOGRAPHY, NULL, '2026-03-08 13:21:02+00', '2026-03-09 19:21:02+00'),
('441e7bc6-d566-46b0-bb34-e6c5e646188b', 'fa20aebb-ec3e-40cc-adb3-3e7f712dd7e0', '3180bf52-2c62-41e2-8ad9-9a88f27841c6', 'ebf350d4-0abe-4fa3-9b25-3d822ef1b5f7', 'Brake fluid low, pedal feels soft', 'accepted', ST_MakePoint(78.36571, 17.469724)::GEOGRAPHY, NULL, '2026-02-20 09:21:02+00', '2026-02-21 19:21:02+00'),
('591a8d02-0182-4f3d-a211-d3dab1f1b553', '4a75a0d6-998e-48f7-8192-37fbd0c07bdc', '9890930b-d7ab-43c3-bce5-03fd4464d6e6', 'befb1aec-fd1a-43b0-85d0-3d02665982b2', 'Alternator belt broken', 'completed', ST_MakePoint(78.517389, 17.382423)::GEOGRAPHY, 2116.85, '2026-03-16 08:21:02+00', '2026-03-17 19:21:02+00'),
('75cc9ce3-6c9b-410d-8df7-ff8a1c160bf3', '08127169-b064-4539-a48a-6c50803b111c', '051c2ea0-1148-4215-9c89-0551869a19e6', '9e6342f0-0b81-4b0a-aa62-8e2e1b129fea', 'Radiator hose burst', 'in_progress', ST_MakePoint(78.524822, 17.383341)::GEOGRAPHY, NULL, '2026-03-23 14:21:02+00', '2026-03-24 19:21:02+00'),
('7ecb220e-c4aa-4464-969c-417d2627563e', 'a6b2c0fa-ac22-40bd-a0bc-5c989a6a77ab', 'b490aaad-bd37-4205-98c1-3ab24f4c6dd4', '3a68f67d-0a2a-4797-9c90-c9c1ece2a71b', 'Spark plug fouled, engine misfiring', 'accepted', ST_MakePoint(78.56265, 17.332238)::GEOGRAPHY, NULL, '2026-03-27 15:21:02+00', '2026-03-28 19:21:02+00'),
('0db52538-d75d-4dfc-a301-d782df629036', '6d36d400-6b63-43d8-b7ea-931974737e3d', '1faa2e74-fdb1-476f-aebd-065d82c8947a', '732b06ad-9291-44b8-a627-970336a1d8d6', 'Shock absorber broken, car leaning', 'cancelled', ST_MakePoint(78.448543, 17.460873)::GEOGRAPHY, NULL, '2026-03-24 09:21:02+00', '2026-03-25 19:21:02+00'),
('f627bbf2-4f12-42bd-9114-ccbab73a254b', '4ed8ae2f-9569-4d6d-b2a7-63031b39a506', '3dd9a728-62e9-4d2d-bb67-10929b547490', '59e31937-2d49-4620-b07f-6cea1faef02e', 'Wiper motor not working', 'accepted', ST_MakePoint(78.477022, 17.461506)::GEOGRAPHY, NULL, '2026-03-09 19:21:02+00', '2026-03-10 19:21:02+00'),
('ca315bb1-9304-4769-90a4-679736a0a627', '83c057e1-6ac0-496e-b421-14fc2562777c', 'f74850b5-684f-4c74-95da-08818188c168', '3e1a0752-acd8-43df-87a0-94ef54d73c93', 'Power steering fluid leak', 'completed', ST_MakePoint(78.414258, 17.345066)::GEOGRAPHY, 4754.04, '2026-03-01 16:21:02+00', '2026-03-02 19:21:02+00'),
('3cbac366-7662-4a81-8634-ef5ed912e643', '0096fca9-2f27-4523-b258-08f430e8847b', '4f7ac86d-7f09-4d39-b28c-d35f4b98e3a9', '15b38469-edf3-4ab2-bc26-04614c500ad0', 'Car won''t start, battery seems dead', 'completed', ST_MakePoint(78.438738, 17.338736)::GEOGRAPHY, 4004.16, '2026-02-28 07:21:02+00', '2026-03-01 19:21:02+00'),
('773ce257-2969-40a4-8219-776f8d664589', '6d36d400-6b63-43d8-b7ea-931974737e3d', 'fc591981-6ede-4316-bc19-6b7a06e29e70', 'adbaca80-edbc-49b6-aa7e-4d426e6f8ae7', 'Flat tyre on the highway', 'completed', ST_MakePoint(78.612918, 17.465482)::GEOGRAPHY, 3204.75, '2026-02-22 13:21:02+00', '2026-02-23 19:21:02+00'),
('88e26dbd-0a89-4a23-8129-731bdb44731a', '6b08af42-cd7c-45d3-8da2-da06dcf0a0e4', NULL, '02eed0a4-8c11-4109-b322-8f648db82543', 'Engine overheating, coolant leaking', 'requested', ST_MakePoint(78.557854, 17.345211)::GEOGRAPHY, NULL, '2026-02-21 07:21:02+00', '2026-02-22 19:21:02+00'),
('9c8d8b66-76b0-43c9-b35c-531799f299d1', '8a68b582-5d1a-4dd7-ac78-d5d3ed454253', '691d7d75-e6cc-45fd-b37a-2f55a8961a16', 'bbe7b86f-4e6b-4096-83cb-76f5942a5ebd', 'Brakes making grinding noise', 'accepted', ST_MakePoint(78.45929, 17.310923)::GEOGRAPHY, NULL, '2026-02-14 16:21:02+00', '2026-02-15 19:21:02+00'),
('2a25b52e-18f2-48c9-ae1a-3fa4dd065434', '0e705f17-fdc0-443b-b4b9-ee6ae7e37231', 'b9d278ae-4020-498c-bb6f-73a5bd55b338', '820fa2fb-1f34-4d4d-891c-9b01859a6da3', 'Bike chain snapped', 'completed', ST_MakePoint(78.58514, 17.488098)::GEOGRAPHY, 1399.81, '2026-03-17 15:21:02+00', '2026-03-18 19:21:02+00'),
('7b27b3dd-95b6-4f75-99d9-5b59711e4052', 'ee691780-25e0-4d26-8581-fce21f9c5889', '3309c0c4-3acd-47de-aa45-01e73a5a9c32', 'b845d6aa-4b85-4b67-b1de-07a65c76fa8f', 'AC not cooling', 'completed', ST_MakePoint(78.634139, 17.39196)::GEOGRAPHY, 4926.87, '2026-03-03 07:21:02+00', '2026-03-04 19:21:02+00'),
('ec11c1ab-645e-477d-a088-f99baaaddc81', 'a6b2c0fa-ac22-40bd-a0bc-5c989a6a77ab', '41d5a5c6-404c-419e-ad76-b7c17f2600bd', '3a68f67d-0a2a-4797-9c90-c9c1ece2a71b', 'Check engine light on', 'cancelled', ST_MakePoint(78.475598, 17.425727)::GEOGRAPHY, NULL, '2026-03-22 16:21:02+00', '2026-03-23 19:21:02+00'),
('19720ad2-e43d-40e7-a823-743ab6e0f6ab', 'a5f177de-84e4-4e73-90f1-bb31dfa076f5', '2eedcae2-38de-4c5a-b05c-118d901ef1ee', '7b9c4916-bca1-4561-8489-b7ab3b9d3f1b', 'Clutch slipping badly', 'accepted', ST_MakePoint(78.365654, 17.51825)::GEOGRAPHY, NULL, '2026-03-02 14:21:02+00', '2026-03-03 19:21:02+00'),
('be21d8c3-6ed8-4664-918d-ea0543ce933f', '6d36d400-6b63-43d8-b7ea-931974737e3d', '3180bf52-2c62-41e2-8ad9-9a88f27841c6', 'adbaca80-edbc-49b6-aa7e-4d426e6f8ae7', 'Headlights not working', 'accepted', ST_MakePoint(78.504773, 17.47785)::GEOGRAPHY, NULL, '2026-03-25 15:21:02+00', '2026-03-26 19:21:02+00'),
('34ac7296-4037-4a4d-85c6-a71fd832cdb4', 'c7d14d12-fc34-41ad-a755-21a347b31353', '9890930b-d7ab-43c3-bce5-03fd4464d6e6', 'bb94e7bf-6a74-4225-b34e-f20814929e55', 'Fuel pump failure', 'completed', ST_MakePoint(78.621592, 17.368198)::GEOGRAPHY, 992.54, '2026-03-05 18:21:02+00', '2026-03-06 19:21:02+00'),
('ee031dd7-769e-429c-adec-dc53074334eb', '0096fca9-2f27-4523-b258-08f430e8847b', NULL, '8a97057f-cca8-4207-831b-e2583e8a380a', 'Tyre puncture', 'requested', ST_MakePoint(78.629142, 17.521157)::GEOGRAPHY, NULL, '2026-03-06 19:21:02+00', '2026-03-07 19:21:02+00'),
('536a8356-2342-4e10-982e-c4e000ed3a60', '77564675-4375-4c06-9d1e-8d9ec73b73f7', 'b490aaad-bd37-4205-98c1-3ab24f4c6dd4', 'cc1401a2-30ed-4b14-8c2a-2742a2a13990', 'Gear shift stuck', 'accepted', ST_MakePoint(78.648358, 17.358945)::GEOGRAPHY, NULL, '2026-03-09 16:21:02+00', '2026-03-10 19:21:02+00'),
('2701b0b8-f279-46fa-9245-3dfd10f78645', '34679a0e-5a14-43f3-9c99-274cabf13f89', NULL, '03869381-0b36-446b-b049-a79fef25d1d9', 'Engine oil leaking', 'requested', ST_MakePoint(78.601753, 17.532706)::GEOGRAPHY, NULL, '2026-02-19 14:21:02+00', '2026-02-20 19:21:02+00'),
('e58b73d5-1f29-42f9-9b1c-c06969e9efbd', '6b08af42-cd7c-45d3-8da2-da06dcf0a0e4', '3dd9a728-62e9-4d2d-bb67-10929b547490', '02eed0a4-8c11-4109-b322-8f648db82543', 'Brake fluid low, pedal feels soft', 'accepted', ST_MakePoint(78.625219, 17.309576)::GEOGRAPHY, NULL, '2026-03-02 08:21:02+00', '2026-03-03 19:21:02+00'),
('264ba507-d9cc-4c2b-a3a0-f0c34cc97f80', '6b08af42-cd7c-45d3-8da2-da06dcf0a0e4', 'f74850b5-684f-4c74-95da-08818188c168', '4844cdec-010d-4f8b-88f6-79b8994f0b8f', 'Alternator belt broken', 'in_progress', ST_MakePoint(78.351575, 17.41215)::GEOGRAPHY, NULL, '2026-03-27 19:21:02+00', '2026-03-28 19:21:02+00'),
('dfdfe891-106f-4d1e-9757-6787d5bc7af4', 'fdd2b250-7543-49ae-b3aa-827fcc7cc765', '4f7ac86d-7f09-4d39-b28c-d35f4b98e3a9', '0b35e84c-aab7-4906-a639-1b57db7324aa', 'Radiator hose burst', 'completed', ST_MakePoint(78.514641, 17.508741)::GEOGRAPHY, 3718.0, '2026-02-27 13:21:02+00', '2026-02-28 19:21:02+00'),
('65ced2cc-01ca-42ad-b427-9b5fbae2be3f', '1046cad8-a5f9-4a86-a0a5-76e188e0fcbc', 'fc591981-6ede-4316-bc19-6b7a06e29e70', '4e84422e-19d9-41ad-9435-e992f05fce84', 'Spark plug fouled, engine misfiring', 'cancelled', ST_MakePoint(78.386555, 17.35941)::GEOGRAPHY, NULL, '2026-03-17 13:21:02+00', '2026-03-18 19:21:02+00'),
('c05bd7a5-1381-4afa-8122-a1c7ea53bd77', 'fd1d33ac-0e34-478a-a33b-2c97560d887f', '7e3547f4-ef2e-45e0-8d2e-2d764e727647', 'abf4a838-8a47-4ebd-8ff1-1b6f018ac1f0', 'Shock absorber broken, car leaning', 'completed', ST_MakePoint(78.601006, 17.315702)::GEOGRAPHY, 2649.2, '2026-02-26 19:21:02+00', '2026-02-27 19:21:02+00'),
('4c63770b-d048-493c-bd7e-f76fcd4ccbba', 'fd1d33ac-0e34-478a-a33b-2c97560d887f', '691d7d75-e6cc-45fd-b37a-2f55a8961a16', '473f8ee9-76d2-4b92-801f-19d3ee5d1ae0', 'Wiper motor not working', 'in_progress', ST_MakePoint(78.437382, 17.479636)::GEOGRAPHY, NULL, '2026-04-01 10:21:02+00', '2026-04-01 19:21:02+00'),
('68dbc697-81ac-417d-96e8-540d6c4337b3', '83c057e1-6ac0-496e-b421-14fc2562777c', 'b9d278ae-4020-498c-bb6f-73a5bd55b338', '2832e14b-944e-44dc-9fcf-c82dc06b392c', 'Power steering fluid leak', 'completed', ST_MakePoint(78.406194, 17.442666)::GEOGRAPHY, 3440.61, '2026-02-27 14:21:02+00', '2026-02-28 19:21:02+00'),
('064a8fdb-0eae-4552-8cf6-b6f9659fec67', 'c7d14d12-fc34-41ad-a755-21a347b31353', '3309c0c4-3acd-47de-aa45-01e73a5a9c32', 'bb94e7bf-6a74-4225-b34e-f20814929e55', 'Car won''t start, battery seems dead', 'completed', ST_MakePoint(78.491041, 17.397613)::GEOGRAPHY, 3287.65, '2026-03-09 15:21:02+00', '2026-03-10 19:21:02+00'),
('7be087d3-39ae-4cad-a595-c66e6f089631', '0c649138-f52e-4057-bd92-f45a10797c20', '41d5a5c6-404c-419e-ad76-b7c17f2600bd', '4dd97543-13cc-4f46-bbea-2eadc140e6bf', 'Flat tyre on the highway', 'accepted', ST_MakePoint(78.370268, 17.389273)::GEOGRAPHY, NULL, '2026-03-17 08:21:02+00', '2026-03-18 19:21:02+00'),
('70c3e77f-21c2-4d34-9223-f4a541612a67', '08127169-b064-4539-a48a-6c50803b111c', '2eedcae2-38de-4c5a-b05c-118d901ef1ee', '9e6342f0-0b81-4b0a-aa62-8e2e1b129fea', 'Engine overheating, coolant leaking', 'in_progress', ST_MakePoint(78.570556, 17.492875)::GEOGRAPHY, NULL, '2026-03-11 17:21:02+00', '2026-03-12 19:21:02+00'),
('d9d19a97-a5fd-4451-85f3-e1fc538ddbd3', '8322ccff-d3b9-498a-8399-bc762dab9361', '3180bf52-2c62-41e2-8ad9-9a88f27841c6', '4eb5c982-63c5-42a8-ac67-12b506694af0', 'Brakes making grinding noise', 'completed', ST_MakePoint(78.594053, 17.436503)::GEOGRAPHY, 1122.92, '2026-02-11 09:21:02+00', '2026-02-12 19:21:02+00'),
('827681d9-db08-4926-a38a-44dd0476bc60', '0e705f17-fdc0-443b-b4b9-ee6ae7e37231', '9890930b-d7ab-43c3-bce5-03fd4464d6e6', '820fa2fb-1f34-4d4d-891c-9b01859a6da3', 'Bike chain snapped', 'in_progress', ST_MakePoint(78.593449, 17.457934)::GEOGRAPHY, NULL, '2026-03-28 08:21:02+00', '2026-03-29 19:21:02+00'),
('c0e12e38-dcb5-464f-af98-3cbf24c8ee9a', 'fa20aebb-ec3e-40cc-adb3-3e7f712dd7e0', '051c2ea0-1148-4215-9c89-0551869a19e6', 'ebf350d4-0abe-4fa3-9b25-3d822ef1b5f7', 'AC not cooling', 'completed', ST_MakePoint(78.410477, 17.309246)::GEOGRAPHY, 4018.21, '2026-02-04 19:21:02+00', '2026-02-05 19:21:02+00'),
('60a231dc-ea33-4173-b667-b7dba902aef8', '4a75a0d6-998e-48f7-8192-37fbd0c07bdc', 'b490aaad-bd37-4205-98c1-3ab24f4c6dd4', '637c1f90-d6d5-477b-b7b1-9e2f022f9dd3', 'Check engine light on', 'cancelled', ST_MakePoint(78.646737, 17.428846)::GEOGRAPHY, NULL, '2026-02-26 12:21:02+00', '2026-02-27 19:21:02+00'),
('9cb7d35c-8baf-47af-84c6-2088f877fa88', 'fdd2b250-7543-49ae-b3aa-827fcc7cc765', '1faa2e74-fdb1-476f-aebd-065d82c8947a', '0b35e84c-aab7-4906-a639-1b57db7324aa', 'Clutch slipping badly', 'completed', ST_MakePoint(78.407331, 17.488323)::GEOGRAPHY, 1977.78, '2026-02-11 19:21:02+00', '2026-02-12 19:21:02+00'),
('bb485b19-45a8-429e-ab3e-13d7cb7fee59', 'fd1d33ac-0e34-478a-a33b-2c97560d887f', '3dd9a728-62e9-4d2d-bb67-10929b547490', 'abf4a838-8a47-4ebd-8ff1-1b6f018ac1f0', 'Headlights not working', 'in_progress', ST_MakePoint(78.589803, 17.368304)::GEOGRAPHY, NULL, '2026-03-05 13:21:02+00', '2026-03-06 19:21:02+00'),
('2239a17f-d35c-4fbe-ac75-a1acc90f83cf', '0c649138-f52e-4057-bd92-f45a10797c20', NULL, '41342e9d-7721-4851-9ae3-dd45fffeb129', 'Fuel pump failure', 'requested', ST_MakePoint(78.465993, 17.523659)::GEOGRAPHY, NULL, '2026-03-21 12:21:02+00', '2026-03-22 19:21:02+00'),
('7e34524e-9a8f-48f6-a444-6813ce66af8e', '4ed8ae2f-9569-4d6d-b2a7-63031b39a506', '4f7ac86d-7f09-4d39-b28c-d35f4b98e3a9', 'a07e529f-b4c0-4886-99a7-5edc9d69bda1', 'Tyre puncture', 'in_progress', ST_MakePoint(78.589187, 17.391837)::GEOGRAPHY, NULL, '2026-03-15 07:21:02+00', '2026-03-16 19:21:02+00'),
('4a2a425f-c7c4-48e0-adb7-214e6898f667', 'c7d14d12-fc34-41ad-a755-21a347b31353', 'fc591981-6ede-4316-bc19-6b7a06e29e70', '5806cac2-15aa-4f84-8be8-d2abc45efce7', 'Gear shift stuck', 'completed', ST_MakePoint(78.530736, 17.319732)::GEOGRAPHY, 4165.0, '2026-02-26 15:21:02+00', '2026-02-27 19:21:02+00'),
('4429c15f-35f9-4b04-bd09-d3db4c4f3575', '4a75a0d6-998e-48f7-8192-37fbd0c07bdc', '7e3547f4-ef2e-45e0-8d2e-2d764e727647', 'befb1aec-fd1a-43b0-85d0-3d02665982b2', 'Engine oil leaking', 'completed', ST_MakePoint(78.548276, 17.320017)::GEOGRAPHY, 1740.53, '2026-02-22 08:21:02+00', '2026-02-23 19:21:02+00'),
('451b70e7-8039-4b1d-a847-cb3e74a27f9b', '1c6309dc-dd84-48b8-a5d4-06a6be36b3e8', '691d7d75-e6cc-45fd-b37a-2f55a8961a16', 'b471b9c4-6628-4958-85b9-ca0f54eb1b58', 'Brake fluid low, pedal feels soft', 'completed', ST_MakePoint(78.455464, 17.472441)::GEOGRAPHY, 499.07, '2026-02-05 14:21:02+00', '2026-02-06 19:21:02+00'),
('b613d084-9e01-4d96-a33c-6e722a88c64e', 'a5f177de-84e4-4e73-90f1-bb31dfa076f5', 'b9d278ae-4020-498c-bb6f-73a5bd55b338', 'd56cb8ba-7337-4059-a86d-2afb384273ac', 'Alternator belt broken', 'completed', ST_MakePoint(78.644008, 17.368639)::GEOGRAPHY, 4755.15, '2026-03-28 09:21:02+00', '2026-03-29 19:21:02+00'),
('8382bb18-c242-48b5-9d7a-80359de53ea6', 'fd1d33ac-0e34-478a-a33b-2c97560d887f', '3309c0c4-3acd-47de-aa45-01e73a5a9c32', 'abf4a838-8a47-4ebd-8ff1-1b6f018ac1f0', 'Radiator hose burst', 'completed', ST_MakePoint(78.590329, 17.390828)::GEOGRAPHY, 3493.23, '2026-01-31 19:21:02+00', '2026-02-01 19:21:02+00'),
('93591626-1d44-4f4d-a5f6-5c1986c7599c', '6b08af42-cd7c-45d3-8da2-da06dcf0a0e4', NULL, '4844cdec-010d-4f8b-88f6-79b8994f0b8f', 'Spark plug fouled, engine misfiring', 'requested', ST_MakePoint(78.37017, 17.3087)::GEOGRAPHY, NULL, '2026-02-11 09:21:02+00', '2026-02-12 19:21:02+00'),
('f8715975-9084-4948-8c1d-115893d84dec', '83c057e1-6ac0-496e-b421-14fc2562777c', '2eedcae2-38de-4c5a-b05c-118d901ef1ee', '3e1a0752-acd8-43df-87a0-94ef54d73c93', 'Shock absorber broken, car leaning', 'completed', ST_MakePoint(78.520173, 17.395714)::GEOGRAPHY, 3143.95, '2026-02-17 12:21:02+00', '2026-02-18 19:21:02+00'),
('1bb7dde1-fe7c-4085-9af7-8981655e0abf', '83c057e1-6ac0-496e-b421-14fc2562777c', NULL, '3e1a0752-acd8-43df-87a0-94ef54d73c93', 'Wiper motor not working', 'requested', ST_MakePoint(78.373066, 17.410985)::GEOGRAPHY, NULL, '2026-03-24 11:21:02+00', '2026-03-25 19:21:02+00'),
('2c1cada5-d3d8-4d14-b6cc-411c70b76f17', '83c057e1-6ac0-496e-b421-14fc2562777c', '9890930b-d7ab-43c3-bce5-03fd4464d6e6', '3e1a0752-acd8-43df-87a0-94ef54d73c93', 'Power steering fluid leak', 'completed', ST_MakePoint(78.433607, 17.378596)::GEOGRAPHY, 4814.44, '2026-03-31 08:21:02+00', '2026-04-01 19:21:02+00');

-- ------------------------------------------------------------
-- Job Updates (status trail for each request)
-- ------------------------------------------------------------
INSERT INTO job_updates (id, request_id, status, updated_by, note, created_at) VALUES
('61ab4aad-fa30-4ad4-a1af-479b985336f2', '40a3ddd5-cb43-4a59-86a6-b5524da320eb', 'requested', '34679a0e-5a14-43f3-9c99-274cabf13f89', 'Owner submitted the request', '2026-03-21 07:21:02+00'),
('44c1de21-edfe-4324-a4af-2c8563006c2e', '40a3ddd5-cb43-4a59-86a6-b5524da320eb', 'accepted', 'a5547a14-3953-443b-b079-4e0a4f7ea62d', 'Mechanic accepted and is on the way', '2026-03-21 09:21:02+00'),
('1ccdf4de-511b-4238-9723-477860355131', '40a3ddd5-cb43-4a59-86a6-b5524da320eb', 'in_progress', 'a5547a14-3953-443b-b079-4e0a4f7ea62d', 'Work has started', '2026-03-21 11:21:02+00'),
('fd751cf5-4a3f-4784-ac7b-acfa6b5064bf', '8949bb0c-f14b-455f-863c-638c072ef507', 'requested', '8322ccff-d3b9-498a-8399-bc762dab9361', 'Owner submitted the request', '2026-03-01 07:21:02+00'),
('b7938909-c4a5-4fa6-b335-7b39e46f5e50', '8949bb0c-f14b-455f-863c-638c072ef507', 'accepted', 'cdf86f49-3ade-4cc3-8d35-93608f5ef275', 'Mechanic accepted and is on the way', '2026-03-01 09:21:02+00'),
('55b1aa76-2a8e-4bc1-b384-f7df80c504f2', '8949bb0c-f14b-455f-863c-638c072ef507', 'in_progress', 'cdf86f49-3ade-4cc3-8d35-93608f5ef275', 'Work has started', '2026-03-01 11:21:02+00'),
('d968aa72-21d1-4a10-847d-e39a333b005b', '9987a3fd-9a0f-425a-888d-dfb9e4dc883f', 'requested', 'c7d14d12-fc34-41ad-a755-21a347b31353', 'Owner submitted the request', '2026-02-27 07:21:02+00'),
('508fe93b-a3de-458b-9d4f-9a40ac7d8755', '9987a3fd-9a0f-425a-888d-dfb9e4dc883f', 'accepted', 'cda94073-0d8b-43a2-9855-89be5eb2cd99', 'Mechanic accepted and is on the way', '2026-02-27 09:21:02+00'),
('6571a1cd-9dd3-41b3-aec7-8956619dd3e7', '9987a3fd-9a0f-425a-888d-dfb9e4dc883f', 'in_progress', 'cda94073-0d8b-43a2-9855-89be5eb2cd99', 'Work has started', '2026-02-27 11:21:02+00'),
('08f8a038-26b4-4e0b-aef4-7dbb732ba9c1', '9987a3fd-9a0f-425a-888d-dfb9e4dc883f', 'completed', 'cda94073-0d8b-43a2-9855-89be5eb2cd99', 'Job completed successfully', '2026-02-27 13:21:02+00'),
('1700d23e-0ce9-48a8-9982-5fed5cc6f982', '820cdf24-76dc-481a-9a62-424dded9bb4d', 'requested', '1046cad8-a5f9-4a86-a0a5-76e188e0fcbc', 'Owner submitted the request', '2026-03-08 07:21:02+00'),
('955345e4-7013-42ef-9171-18532fea0309', '1d1e9994-f7bd-459a-ad30-17ecf53fff8e', 'requested', '6b08af42-cd7c-45d3-8da2-da06dcf0a0e4', 'Owner submitted the request', '2026-02-02 07:21:02+00'),
('52989ba4-cc1f-4591-8966-72ec686a5785', 'd7517735-4332-4132-bb8e-6f73f5fbd10a', 'requested', '8a68b582-5d1a-4dd7-ac78-d5d3ed454253', 'Owner submitted the request', '2026-02-25 07:21:02+00'),
('c444e35a-56f9-4dfc-8576-e471f986b913', 'd7517735-4332-4132-bb8e-6f73f5fbd10a', 'cancelled', '349f9527-925d-4856-86d4-d02fee4d8328', 'Request was cancelled', '2026-02-25 09:21:02+00'),
('2b19dcae-7c7a-465c-bf74-6f5c6f994cbd', '1e4471ba-3335-45c2-b128-495e06fe66b1', 'requested', 'd24d5ec7-b709-41f9-8fcd-3490abbf029b', 'Owner submitted the request', '2026-03-25 07:21:02+00'),
('913a647a-360d-4209-9e10-191cd855d20b', '1e4471ba-3335-45c2-b128-495e06fe66b1', 'accepted', '88361e35-0000-46e9-9b51-848399dd52a5', 'Mechanic accepted and is on the way', '2026-03-25 09:21:02+00'),
('aac17261-94ac-4a2e-93b5-9eb2642bc672', '1e4471ba-3335-45c2-b128-495e06fe66b1', 'in_progress', '88361e35-0000-46e9-9b51-848399dd52a5', 'Work has started', '2026-03-25 11:21:02+00'),
('0a195737-c5c9-4b57-833a-361b831222e2', '1e4471ba-3335-45c2-b128-495e06fe66b1', 'completed', '88361e35-0000-46e9-9b51-848399dd52a5', 'Job completed successfully', '2026-03-25 13:21:02+00'),
('a43245b9-fa60-4556-999c-75f5738eab0d', '33e9d476-3716-4744-9e4c-acb6f2b1c7f6', 'requested', '0096fca9-2f27-4523-b258-08f430e8847b', 'Owner submitted the request', '2026-03-16 07:21:02+00'),
('facacdc3-7cd1-4ff9-96d8-6a85a8bd7d68', '33e9d476-3716-4744-9e4c-acb6f2b1c7f6', 'accepted', 'f0da8afd-3fca-4a51-a455-5ef746e14ab2', 'Mechanic accepted and is on the way', '2026-03-16 09:21:02+00'),
('6b89a2c4-fb60-4541-b7e7-9d2268c8d1fa', '33e9d476-3716-4744-9e4c-acb6f2b1c7f6', 'in_progress', 'f0da8afd-3fca-4a51-a455-5ef746e14ab2', 'Work has started', '2026-03-16 11:21:02+00'),
('69efa186-6439-4bfd-9c7c-605376b5c4bd', '4e432270-80aa-48bf-b66b-2fdb0f0cf799', 'requested', 'fdd2b250-7543-49ae-b3aa-827fcc7cc765', 'Owner submitted the request', '2026-02-11 07:21:02+00'),
('f5ae6774-997c-405f-b479-ba031abae632', '89e5b8a8-c7f5-4f79-b996-847066442ba5', 'requested', 'a6b2c0fa-ac22-40bd-a0bc-5c989a6a77ab', 'Owner submitted the request', '2026-03-16 07:21:02+00'),
('2a566d91-09d9-4fc6-bab3-4050f9f525a4', '89e5b8a8-c7f5-4f79-b996-847066442ba5', 'accepted', '9c931e75-afae-42af-90be-e04a68c42a6d', 'Mechanic accepted and is on the way', '2026-03-16 09:21:02+00'),
('fe92ae37-671f-4f57-bae7-96cdaa0e9790', '89e5b8a8-c7f5-4f79-b996-847066442ba5', 'in_progress', '9c931e75-afae-42af-90be-e04a68c42a6d', 'Work has started', '2026-03-16 11:21:02+00'),
('8fb08f47-f87e-4dd6-8c5b-28adeade7c68', '89e5b8a8-c7f5-4f79-b996-847066442ba5', 'completed', '9c931e75-afae-42af-90be-e04a68c42a6d', 'Job completed successfully', '2026-03-16 13:21:02+00'),
('32e4b1a3-fc3c-4371-a1e1-fbd8404b3d85', 'ea107daa-a0a7-4bb8-b6f1-d0ae0a83bf90', 'requested', '4a75a0d6-998e-48f7-8192-37fbd0c07bdc', 'Owner submitted the request', '2026-02-15 07:21:02+00'),
('e40291aa-84b7-45b3-8748-0e122a0d0f9e', 'ea107daa-a0a7-4bb8-b6f1-d0ae0a83bf90', 'accepted', '7d8fc341-a99f-4a26-9b9c-091a2978befe', 'Mechanic accepted and is on the way', '2026-02-15 09:21:02+00'),
('0495b56a-cae2-4eda-a3e4-3a8bc00e5153', '3ff3433c-12b0-4e06-a3ff-606f28be2b1c', 'requested', '83c057e1-6ac0-496e-b421-14fc2562777c', 'Owner submitted the request', '2026-03-04 07:21:02+00'),
('f360bd52-8c5a-4353-bbdd-6c587378f355', '3ff3433c-12b0-4e06-a3ff-606f28be2b1c', 'accepted', '15124876-2b8b-4b90-9d7e-ef364b5a8372', 'Mechanic accepted and is on the way', '2026-03-04 09:21:02+00'),
('811a6064-9232-40da-b295-2aa483d654bb', '3ff3433c-12b0-4e06-a3ff-606f28be2b1c', 'in_progress', '15124876-2b8b-4b90-9d7e-ef364b5a8372', 'Work has started', '2026-03-04 11:21:02+00'),
('23211f35-e337-43aa-9ee8-6f0d1ede2652', '3ff3433c-12b0-4e06-a3ff-606f28be2b1c', 'completed', '15124876-2b8b-4b90-9d7e-ef364b5a8372', 'Job completed successfully', '2026-03-04 13:21:02+00'),
('b2174b1c-982b-4ed6-94b6-8b70001a9bb0', 'ef067523-5baf-4a45-a630-40565ba86719', 'requested', '77564675-4375-4c06-9d1e-8d9ec73b73f7', 'Owner submitted the request', '2026-03-19 07:21:02+00'),
('3c2b08a5-4b69-4d08-aeb6-289e6eb3ce19', '441e7bc6-d566-46b0-bb34-e6c5e646188b', 'requested', '1c6309dc-dd84-48b8-a5d4-06a6be36b3e8', 'Owner submitted the request', '2026-02-21 07:21:02+00'),
('0a0f5f60-b3cb-4ce4-bc74-983f915071c4', '441e7bc6-d566-46b0-bb34-e6c5e646188b', 'accepted', 'd94f1de0-5d81-4a74-a114-1f2ebdac6a8d', 'Mechanic accepted and is on the way', '2026-02-21 09:21:02+00'),
('20afd4cb-1c42-4ba6-b42d-0e4231676d6d', '591a8d02-0182-4f3d-a211-d3dab1f1b553', 'requested', '0e705f17-fdc0-443b-b4b9-ee6ae7e37231', 'Owner submitted the request', '2026-03-14 07:21:02+00'),
('bd470d71-bcb2-41f4-92a7-d4396097f184', '591a8d02-0182-4f3d-a211-d3dab1f1b553', 'accepted', '3222f24d-4d2b-4e31-802f-4a0d2db2084a', 'Mechanic accepted and is on the way', '2026-03-14 09:21:02+00'),
('c35ba455-8167-430c-9b04-58ed77cdbc33', '591a8d02-0182-4f3d-a211-d3dab1f1b553', 'in_progress', '3222f24d-4d2b-4e31-802f-4a0d2db2084a', 'Work has started', '2026-03-14 11:21:02+00'),
('33d17777-8700-4ea5-a66c-ada2b5b67b60', '591a8d02-0182-4f3d-a211-d3dab1f1b553', 'completed', '3222f24d-4d2b-4e31-802f-4a0d2db2084a', 'Job completed successfully', '2026-03-14 13:21:02+00'),
('6c9a677a-b13d-42df-9135-478e2afd2063', '75cc9ce3-6c9b-410d-8df7-ff8a1c160bf3', 'requested', 'ee691780-25e0-4d26-8581-fce21f9c5889', 'Owner submitted the request', '2026-02-16 07:21:02+00'),
('54a73d0c-f67f-434d-8bdd-29d50ec6ca90', '75cc9ce3-6c9b-410d-8df7-ff8a1c160bf3', 'accepted', 'a5547a14-3953-443b-b079-4e0a4f7ea62d', 'Mechanic accepted and is on the way', '2026-02-16 09:21:02+00'),
('e0e593be-b71d-46a5-8455-f1e40d7901f7', '75cc9ce3-6c9b-410d-8df7-ff8a1c160bf3', 'in_progress', 'a5547a14-3953-443b-b079-4e0a4f7ea62d', 'Work has started', '2026-02-16 11:21:02+00'),
('89989a40-d495-4949-bd36-721739de98a2', '7ecb220e-c4aa-4464-969c-417d2627563e', 'requested', '069f09ca-48fb-48b0-98b3-14a09df78e42', 'Owner submitted the request', '2026-02-02 07:21:02+00'),
('8fddcfdc-1134-4714-9bd1-3420a430407b', '7ecb220e-c4aa-4464-969c-417d2627563e', 'accepted', 'cdf86f49-3ade-4cc3-8d35-93608f5ef275', 'Mechanic accepted and is on the way', '2026-02-02 09:21:02+00'),
('1ee26b65-582d-4b33-a5b4-ee718447c320', '0db52538-d75d-4dfc-a301-d782df629036', 'requested', '6d36d400-6b63-43d8-b7ea-931974737e3d', 'Owner submitted the request', '2026-03-01 07:21:02+00'),
('c4bab24b-b886-496d-8f5f-83babde084d9', '0db52538-d75d-4dfc-a301-d782df629036', 'cancelled', 'cda94073-0d8b-43a2-9855-89be5eb2cd99', 'Request was cancelled', '2026-03-01 09:21:02+00'),
('242f6db6-bdc7-4364-a83e-70cbefa8f3fd', 'f627bbf2-4f12-42bd-9114-ccbab73a254b', 'requested', 'ea4105a8-51f1-4621-a16f-f41e0d42307e', 'Owner submitted the request', '2026-03-20 07:21:02+00'),
('3ee96c53-3100-4242-a6ed-71061decfaf0', 'f627bbf2-4f12-42bd-9114-ccbab73a254b', 'accepted', '7727ed6c-d14f-4193-a5b2-2a07d791a7a5', 'Mechanic accepted and is on the way', '2026-03-20 09:21:02+00'),
('a3608af0-74ce-4b29-a20e-1363e6547695', 'ca315bb1-9304-4769-90a4-679736a0a627', 'requested', 'a5f177de-84e4-4e73-90f1-bb31dfa076f5', 'Owner submitted the request', '2026-03-25 07:21:02+00'),
('e6cf5ed5-f892-41ed-bfa2-1e99dfe5c702', 'ca315bb1-9304-4769-90a4-679736a0a627', 'accepted', '3c16f596-6871-4c1f-acac-05038fc8ca10', 'Mechanic accepted and is on the way', '2026-03-25 09:21:02+00'),
('a09cf67c-2fce-400e-8c67-1c862c1f2e59', 'ca315bb1-9304-4769-90a4-679736a0a627', 'in_progress', '3c16f596-6871-4c1f-acac-05038fc8ca10', 'Work has started', '2026-03-25 11:21:02+00'),
('49e43d34-682d-47b9-8f62-c48f93dd7510', 'ca315bb1-9304-4769-90a4-679736a0a627', 'completed', '3c16f596-6871-4c1f-acac-05038fc8ca10', 'Job completed successfully', '2026-03-25 13:21:02+00'),
('1c359fbb-8f6b-467e-b7b9-d722257a4459', '3cbac366-7662-4a81-8634-ef5ed912e643', 'requested', 'fd1d33ac-0e34-478a-a33b-2c97560d887f', 'Owner submitted the request', '2026-03-24 07:21:02+00'),
('12b7e1d8-bb43-4c1a-8eea-66451930d884', '3cbac366-7662-4a81-8634-ef5ed912e643', 'accepted', '349f9527-925d-4856-86d4-d02fee4d8328', 'Mechanic accepted and is on the way', '2026-03-24 09:21:02+00'),
('30379521-83b5-4d5d-b04d-d7eefcd134e4', '3cbac366-7662-4a81-8634-ef5ed912e643', 'in_progress', '349f9527-925d-4856-86d4-d02fee4d8328', 'Work has started', '2026-03-24 11:21:02+00'),
('b1df00ec-6c5d-46e5-8ee6-11de89849062', '3cbac366-7662-4a81-8634-ef5ed912e643', 'completed', '349f9527-925d-4856-86d4-d02fee4d8328', 'Job completed successfully', '2026-03-24 13:21:02+00'),
('75c950c3-3263-41da-8437-3c3f3aa8cd29', '773ce257-2969-40a4-8219-776f8d664589', 'requested', '08127169-b064-4539-a48a-6c50803b111c', 'Owner submitted the request', '2026-02-06 07:21:02+00'),
('febca246-2b62-4274-b6a4-4f21c2317d8b', '773ce257-2969-40a4-8219-776f8d664589', 'accepted', '88361e35-0000-46e9-9b51-848399dd52a5', 'Mechanic accepted and is on the way', '2026-02-06 09:21:02+00'),
('af29f33a-c44a-46a8-99ba-c03ee2333497', '773ce257-2969-40a4-8219-776f8d664589', 'in_progress', '88361e35-0000-46e9-9b51-848399dd52a5', 'Work has started', '2026-02-06 11:21:02+00'),
('35c7f47f-644b-44ca-a5b0-208681261c77', '773ce257-2969-40a4-8219-776f8d664589', 'completed', '88361e35-0000-46e9-9b51-848399dd52a5', 'Job completed successfully', '2026-02-06 13:21:02+00'),
('a67720fb-0bda-46a0-adcb-27d0f4879ea2', '88e26dbd-0a89-4a23-8129-731bdb44731a', 'requested', '4ed8ae2f-9569-4d6d-b2a7-63031b39a506', 'Owner submitted the request', '2026-03-28 07:21:02+00'),
('6a4975a6-d340-44cb-bb1c-c686743581de', '9c8d8b66-76b0-43c9-b35c-531799f299d1', 'requested', '0c649138-f52e-4057-bd92-f45a10797c20', 'Owner submitted the request', '2026-03-04 07:21:02+00'),
('278ade40-23ea-4b18-8e42-4b1eb44888a2', '9c8d8b66-76b0-43c9-b35c-531799f299d1', 'accepted', '177005b2-86f6-4adb-9b63-c0c7ae7a7c40', 'Mechanic accepted and is on the way', '2026-03-04 09:21:02+00'),
('ecd4c1aa-4cbe-4abf-ace6-086a19d6e999', '2a25b52e-18f2-48c9-ae1a-3fa4dd065434', 'requested', 'fa20aebb-ec3e-40cc-adb3-3e7f712dd7e0', 'Owner submitted the request', '2026-03-21 07:21:02+00'),
('a9cf633b-ccaf-4115-b2ac-0b6f69e49c30', '2a25b52e-18f2-48c9-ae1a-3fa4dd065434', 'accepted', '9c931e75-afae-42af-90be-e04a68c42a6d', 'Mechanic accepted and is on the way', '2026-03-21 09:21:02+00'),
('0bf3f3c2-fa05-426f-8103-75be484c8240', '2a25b52e-18f2-48c9-ae1a-3fa4dd065434', 'in_progress', '9c931e75-afae-42af-90be-e04a68c42a6d', 'Work has started', '2026-03-21 11:21:02+00'),
('a7864fe5-27b5-418f-bd39-8bf262881c8b', '2a25b52e-18f2-48c9-ae1a-3fa4dd065434', 'completed', '9c931e75-afae-42af-90be-e04a68c42a6d', 'Job completed successfully', '2026-03-21 13:21:02+00'),
('342bb91a-d017-497a-b118-b45d82c6bb42', '7b27b3dd-95b6-4f75-99d9-5b59711e4052', 'requested', '34679a0e-5a14-43f3-9c99-274cabf13f89', 'Owner submitted the request', '2026-02-03 07:21:02+00'),
('8ac13445-6e32-4506-81ae-fd0f24502f7a', '7b27b3dd-95b6-4f75-99d9-5b59711e4052', 'accepted', '7d8fc341-a99f-4a26-9b9c-091a2978befe', 'Mechanic accepted and is on the way', '2026-02-03 09:21:02+00'),
('ea8f0967-2bfa-49c4-a83b-319bc61392d3', '7b27b3dd-95b6-4f75-99d9-5b59711e4052', 'in_progress', '7d8fc341-a99f-4a26-9b9c-091a2978befe', 'Work has started', '2026-02-03 11:21:02+00'),
('d7780214-cd7a-41d5-adce-89744ae46e04', '7b27b3dd-95b6-4f75-99d9-5b59711e4052', 'completed', '7d8fc341-a99f-4a26-9b9c-091a2978befe', 'Job completed successfully', '2026-02-03 13:21:02+00'),
('c4bfda8f-5b97-42c6-8e88-90f7ba226aed', 'ec11c1ab-645e-477d-a088-f99baaaddc81', 'requested', '8322ccff-d3b9-498a-8399-bc762dab9361', 'Owner submitted the request', '2026-02-15 07:21:02+00'),
('9ff9dc44-8348-47b9-852c-10804fa18c1d', 'ec11c1ab-645e-477d-a088-f99baaaddc81', 'cancelled', '15124876-2b8b-4b90-9d7e-ef364b5a8372', 'Request was cancelled', '2026-02-15 09:21:02+00'),
('37e3602f-aa12-4c5b-a847-74352b8a1c73', '19720ad2-e43d-40e7-a823-743ab6e0f6ab', 'requested', 'c7d14d12-fc34-41ad-a755-21a347b31353', 'Owner submitted the request', '2026-03-04 07:21:02+00'),
('d94e876e-a025-4e59-88e4-5fac5869eed4', '19720ad2-e43d-40e7-a823-743ab6e0f6ab', 'accepted', '49668762-4395-4b9a-9410-d9c889028e96', 'Mechanic accepted and is on the way', '2026-03-04 09:21:02+00'),
('46519877-4782-466b-bb0c-4f6eb72fd8ec', 'be21d8c3-6ed8-4664-918d-ea0543ce933f', 'requested', '1046cad8-a5f9-4a86-a0a5-76e188e0fcbc', 'Owner submitted the request', '2026-03-27 07:21:02+00'),
('38284d02-0ee8-4e2f-a531-8c8bf6ef13fb', 'be21d8c3-6ed8-4664-918d-ea0543ce933f', 'accepted', 'd94f1de0-5d81-4a74-a114-1f2ebdac6a8d', 'Mechanic accepted and is on the way', '2026-03-27 09:21:02+00'),
('71e99c53-93d8-4b63-84d5-72fc4f8afb7e', '34ac7296-4037-4a4d-85c6-a71fd832cdb4', 'requested', '6b08af42-cd7c-45d3-8da2-da06dcf0a0e4', 'Owner submitted the request', '2026-02-09 07:21:02+00'),
('db0f66bf-72db-458e-b969-af34cd7dba45', '34ac7296-4037-4a4d-85c6-a71fd832cdb4', 'accepted', '3222f24d-4d2b-4e31-802f-4a0d2db2084a', 'Mechanic accepted and is on the way', '2026-02-09 09:21:02+00'),
('0356fc6a-1747-4620-9c6a-f1a216309d83', '34ac7296-4037-4a4d-85c6-a71fd832cdb4', 'in_progress', '3222f24d-4d2b-4e31-802f-4a0d2db2084a', 'Work has started', '2026-02-09 11:21:02+00'),
('efc7952b-c8e6-4f25-8008-c98647ff8907', '34ac7296-4037-4a4d-85c6-a71fd832cdb4', 'completed', '3222f24d-4d2b-4e31-802f-4a0d2db2084a', 'Job completed successfully', '2026-02-09 13:21:02+00'),
('a7c5f6a5-0207-4a69-9c14-21a7fd292bf7', 'ee031dd7-769e-429c-adec-dc53074334eb', 'requested', '8a68b582-5d1a-4dd7-ac78-d5d3ed454253', 'Owner submitted the request', '2026-02-17 07:21:02+00'),
('866aec5a-6777-456e-844a-7bfaf793ad4d', '536a8356-2342-4e10-982e-c4e000ed3a60', 'requested', 'd24d5ec7-b709-41f9-8fcd-3490abbf029b', 'Owner submitted the request', '2026-02-06 07:21:02+00'),
('d43aa06d-24d9-4404-b5af-f62a4c69714f', '536a8356-2342-4e10-982e-c4e000ed3a60', 'accepted', 'cdf86f49-3ade-4cc3-8d35-93608f5ef275', 'Mechanic accepted and is on the way', '2026-02-06 09:21:02+00'),
('1bf8221b-f8ab-4f16-be0f-7fca60d7e375', '2701b0b8-f279-46fa-9245-3dfd10f78645', 'requested', '0096fca9-2f27-4523-b258-08f430e8847b', 'Owner submitted the request', '2026-03-12 07:21:02+00'),
('50f71e0d-f2b2-400b-a521-ba91b32cac3b', 'e58b73d5-1f29-42f9-9b1c-c06969e9efbd', 'requested', 'fdd2b250-7543-49ae-b3aa-827fcc7cc765', 'Owner submitted the request', '2026-02-18 07:21:02+00'),
('57ed6c34-dff0-421b-9bb1-1b6a1d8fb350', 'e58b73d5-1f29-42f9-9b1c-c06969e9efbd', 'accepted', '7727ed6c-d14f-4193-a5b2-2a07d791a7a5', 'Mechanic accepted and is on the way', '2026-02-18 09:21:02+00'),
('05306fa0-c75d-49e6-950e-629743dfd637', '264ba507-d9cc-4c2b-a3a0-f0c34cc97f80', 'requested', 'a6b2c0fa-ac22-40bd-a0bc-5c989a6a77ab', 'Owner submitted the request', '2026-03-10 07:21:02+00'),
('cf1a377f-e07c-4176-8bf8-7757e90bfc6b', '264ba507-d9cc-4c2b-a3a0-f0c34cc97f80', 'accepted', '3c16f596-6871-4c1f-acac-05038fc8ca10', 'Mechanic accepted and is on the way', '2026-03-10 09:21:02+00'),
('d4837dc9-950b-4b73-ba27-f75be1ac9af6', '264ba507-d9cc-4c2b-a3a0-f0c34cc97f80', 'in_progress', '3c16f596-6871-4c1f-acac-05038fc8ca10', 'Work has started', '2026-03-10 11:21:02+00'),
('e6ae150c-1c32-45c4-aeda-c7753aff6491', 'dfdfe891-106f-4d1e-9757-6787d5bc7af4', 'requested', '4a75a0d6-998e-48f7-8192-37fbd0c07bdc', 'Owner submitted the request', '2026-02-15 07:21:02+00'),
('35fcdae9-a43d-4ca5-b407-723dfb1d5272', 'dfdfe891-106f-4d1e-9757-6787d5bc7af4', 'accepted', '349f9527-925d-4856-86d4-d02fee4d8328', 'Mechanic accepted and is on the way', '2026-02-15 09:21:02+00'),
('b2d60b38-46cf-4aa0-b004-3fa640775c7d', 'dfdfe891-106f-4d1e-9757-6787d5bc7af4', 'in_progress', '349f9527-925d-4856-86d4-d02fee4d8328', 'Work has started', '2026-02-15 11:21:02+00'),
('7501df10-f3f4-4572-a823-8088dd5d69a1', 'dfdfe891-106f-4d1e-9757-6787d5bc7af4', 'completed', '349f9527-925d-4856-86d4-d02fee4d8328', 'Job completed successfully', '2026-02-15 13:21:02+00'),
('35abfb46-34e0-48af-9a0f-285006d215cf', '65ced2cc-01ca-42ad-b427-9b5fbae2be3f', 'requested', '83c057e1-6ac0-496e-b421-14fc2562777c', 'Owner submitted the request', '2026-03-28 07:21:02+00'),
('c452449e-ccfb-48b8-963c-d991a0ace572', '65ced2cc-01ca-42ad-b427-9b5fbae2be3f', 'cancelled', '88361e35-0000-46e9-9b51-848399dd52a5', 'Request was cancelled', '2026-03-28 09:21:02+00'),
('f739103a-7a53-4d95-b229-9bddaa43115e', 'c05bd7a5-1381-4afa-8122-a1c7ea53bd77', 'requested', '77564675-4375-4c06-9d1e-8d9ec73b73f7', 'Owner submitted the request', '2026-02-25 07:21:02+00'),
('29f8568a-8802-4452-9911-1850cdbb904f', 'c05bd7a5-1381-4afa-8122-a1c7ea53bd77', 'accepted', 'f0da8afd-3fca-4a51-a455-5ef746e14ab2', 'Mechanic accepted and is on the way', '2026-02-25 09:21:02+00'),
('53ab73a5-d549-4f27-862a-38a517495302', 'c05bd7a5-1381-4afa-8122-a1c7ea53bd77', 'in_progress', 'f0da8afd-3fca-4a51-a455-5ef746e14ab2', 'Work has started', '2026-02-25 11:21:02+00'),
('cc39a8fe-9f2b-4671-a75e-b28a5bc26223', 'c05bd7a5-1381-4afa-8122-a1c7ea53bd77', 'completed', 'f0da8afd-3fca-4a51-a455-5ef746e14ab2', 'Job completed successfully', '2026-02-25 13:21:02+00'),
('2b85a810-934e-4c9e-a745-b6b26ddebbe1', '4c63770b-d048-493c-bd7e-f76fcd4ccbba', 'requested', '1c6309dc-dd84-48b8-a5d4-06a6be36b3e8', 'Owner submitted the request', '2026-02-26 07:21:02+00'),
('49c55890-e104-496a-869c-b0530d02722a', '4c63770b-d048-493c-bd7e-f76fcd4ccbba', 'accepted', '177005b2-86f6-4adb-9b63-c0c7ae7a7c40', 'Mechanic accepted and is on the way', '2026-02-26 09:21:02+00'),
('52f7d1fa-dab6-4571-93ca-26c2d1ce3af5', '4c63770b-d048-493c-bd7e-f76fcd4ccbba', 'in_progress', '177005b2-86f6-4adb-9b63-c0c7ae7a7c40', 'Work has started', '2026-02-26 11:21:02+00'),
('fcbbfad6-413a-452d-a0d4-07b53c35d9d8', '68dbc697-81ac-417d-96e8-540d6c4337b3', 'requested', '0e705f17-fdc0-443b-b4b9-ee6ae7e37231', 'Owner submitted the request', '2026-03-14 07:21:02+00'),
('da997bc2-dbe5-4efe-a7f5-0f6098dccf4d', '68dbc697-81ac-417d-96e8-540d6c4337b3', 'accepted', '9c931e75-afae-42af-90be-e04a68c42a6d', 'Mechanic accepted and is on the way', '2026-03-14 09:21:02+00'),
('0389835b-fe58-4987-8f01-ad9634fc5f19', '68dbc697-81ac-417d-96e8-540d6c4337b3', 'in_progress', '9c931e75-afae-42af-90be-e04a68c42a6d', 'Work has started', '2026-03-14 11:21:02+00'),
('ae829915-b5e0-42f8-864d-7c4ec0e1b731', '68dbc697-81ac-417d-96e8-540d6c4337b3', 'completed', '9c931e75-afae-42af-90be-e04a68c42a6d', 'Job completed successfully', '2026-03-14 13:21:02+00'),
('4f668de7-4ec7-42c0-a1c9-c9f33555ac5d', '064a8fdb-0eae-4552-8cf6-b6f9659fec67', 'requested', 'ee691780-25e0-4d26-8581-fce21f9c5889', 'Owner submitted the request', '2026-02-03 07:21:02+00'),
('d3dc50fe-0042-4652-aa86-68028134512b', '064a8fdb-0eae-4552-8cf6-b6f9659fec67', 'accepted', '7d8fc341-a99f-4a26-9b9c-091a2978befe', 'Mechanic accepted and is on the way', '2026-02-03 09:21:02+00'),
('8386790b-11fc-40fd-b27c-d5f008bebbea', '064a8fdb-0eae-4552-8cf6-b6f9659fec67', 'in_progress', '7d8fc341-a99f-4a26-9b9c-091a2978befe', 'Work has started', '2026-02-03 11:21:02+00'),
('b9a219d1-95f7-4455-92b8-a58c37a2c7dc', '064a8fdb-0eae-4552-8cf6-b6f9659fec67', 'completed', '7d8fc341-a99f-4a26-9b9c-091a2978befe', 'Job completed successfully', '2026-02-03 13:21:02+00'),
('c2e3d4b2-4d04-44e1-bf3d-de23810b2397', '7be087d3-39ae-4cad-a595-c66e6f089631', 'requested', '069f09ca-48fb-48b0-98b3-14a09df78e42', 'Owner submitted the request', '2026-03-13 07:21:02+00'),
('730394ae-4992-4e14-bd5c-333d487dfbed', '7be087d3-39ae-4cad-a595-c66e6f089631', 'accepted', '15124876-2b8b-4b90-9d7e-ef364b5a8372', 'Mechanic accepted and is on the way', '2026-03-13 09:21:02+00'),
('3723fba6-c066-43e5-afcd-00341c15ef8f', '70c3e77f-21c2-4d34-9223-f4a541612a67', 'requested', '6d36d400-6b63-43d8-b7ea-931974737e3d', 'Owner submitted the request', '2026-02-06 07:21:02+00'),
('8054e00a-1d1c-4744-bbba-8cffa9bf05b8', '70c3e77f-21c2-4d34-9223-f4a541612a67', 'accepted', '49668762-4395-4b9a-9410-d9c889028e96', 'Mechanic accepted and is on the way', '2026-02-06 09:21:02+00'),
('3aa6b194-ffce-4061-909f-915b419d7b05', '70c3e77f-21c2-4d34-9223-f4a541612a67', 'in_progress', '49668762-4395-4b9a-9410-d9c889028e96', 'Work has started', '2026-02-06 11:21:02+00'),
('502d0996-d415-4ed7-b9b9-6b5473995210', 'd9d19a97-a5fd-4451-85f3-e1fc538ddbd3', 'requested', 'ea4105a8-51f1-4621-a16f-f41e0d42307e', 'Owner submitted the request', '2026-03-22 07:21:02+00'),
('687f6bf8-315c-4736-996e-227a0f200c8c', 'd9d19a97-a5fd-4451-85f3-e1fc538ddbd3', 'accepted', 'd94f1de0-5d81-4a74-a114-1f2ebdac6a8d', 'Mechanic accepted and is on the way', '2026-03-22 09:21:02+00'),
('6c749d3c-4cd4-4cbf-8218-3fe0f0169db4', 'd9d19a97-a5fd-4451-85f3-e1fc538ddbd3', 'in_progress', 'd94f1de0-5d81-4a74-a114-1f2ebdac6a8d', 'Work has started', '2026-03-22 11:21:02+00'),
('d6e93031-60c7-4cbb-93ea-35808aa5106b', 'd9d19a97-a5fd-4451-85f3-e1fc538ddbd3', 'completed', 'd94f1de0-5d81-4a74-a114-1f2ebdac6a8d', 'Job completed successfully', '2026-03-22 13:21:02+00'),
('821739e1-0cfa-42d7-8270-f963a9a87eda', '827681d9-db08-4926-a38a-44dd0476bc60', 'requested', 'a5f177de-84e4-4e73-90f1-bb31dfa076f5', 'Owner submitted the request', '2026-02-15 07:21:02+00'),
('8ae22f6e-9097-409a-b409-ec6adb66730e', '827681d9-db08-4926-a38a-44dd0476bc60', 'accepted', '3222f24d-4d2b-4e31-802f-4a0d2db2084a', 'Mechanic accepted and is on the way', '2026-02-15 09:21:02+00'),
('eaa84b9d-4352-4e3f-87fc-729ecc2f6140', '827681d9-db08-4926-a38a-44dd0476bc60', 'in_progress', '3222f24d-4d2b-4e31-802f-4a0d2db2084a', 'Work has started', '2026-02-15 11:21:02+00'),
('200aa995-65ff-424e-8432-4f75ae2855e0', 'c0e12e38-dcb5-464f-af98-3cbf24c8ee9a', 'requested', 'fd1d33ac-0e34-478a-a33b-2c97560d887f', 'Owner submitted the request', '2026-02-15 07:21:02+00'),
('85460279-ad5d-4b6b-bf54-01872d69a258', 'c0e12e38-dcb5-464f-af98-3cbf24c8ee9a', 'accepted', 'a5547a14-3953-443b-b079-4e0a4f7ea62d', 'Mechanic accepted and is on the way', '2026-02-15 09:21:02+00'),
('daee52bf-ab8a-4454-9b13-ad6837ea432d', 'c0e12e38-dcb5-464f-af98-3cbf24c8ee9a', 'in_progress', 'a5547a14-3953-443b-b079-4e0a4f7ea62d', 'Work has started', '2026-02-15 11:21:02+00'),
('00efeef4-0106-47e7-96f1-58b72142fe32', 'c0e12e38-dcb5-464f-af98-3cbf24c8ee9a', 'completed', 'a5547a14-3953-443b-b079-4e0a4f7ea62d', 'Job completed successfully', '2026-02-15 13:21:02+00'),
('6cd9cfe3-450f-4ba1-bb8b-10cfb1bfca26', '60a231dc-ea33-4173-b667-b7dba902aef8', 'requested', '08127169-b064-4539-a48a-6c50803b111c', 'Owner submitted the request', '2026-02-01 07:21:02+00'),
('b230f1da-3eab-4813-8000-cfb4c7d4f992', '60a231dc-ea33-4173-b667-b7dba902aef8', 'cancelled', 'cdf86f49-3ade-4cc3-8d35-93608f5ef275', 'Request was cancelled', '2026-02-01 09:21:02+00'),
('14c7ff2a-a39d-4b60-8c22-8a30396d2652', '9cb7d35c-8baf-47af-84c6-2088f877fa88', 'requested', '4ed8ae2f-9569-4d6d-b2a7-63031b39a506', 'Owner submitted the request', '2026-02-16 07:21:02+00'),
('b0c13e44-d832-41e5-b69a-e19b75dabacc', '9cb7d35c-8baf-47af-84c6-2088f877fa88', 'accepted', 'cda94073-0d8b-43a2-9855-89be5eb2cd99', 'Mechanic accepted and is on the way', '2026-02-16 09:21:02+00'),
('3f27031f-f56c-41ef-b11d-23f36edbba2b', '9cb7d35c-8baf-47af-84c6-2088f877fa88', 'in_progress', 'cda94073-0d8b-43a2-9855-89be5eb2cd99', 'Work has started', '2026-02-16 11:21:02+00'),
('b8124bad-507d-4bd5-b6cc-61870f1c31e3', '9cb7d35c-8baf-47af-84c6-2088f877fa88', 'completed', 'cda94073-0d8b-43a2-9855-89be5eb2cd99', 'Job completed successfully', '2026-02-16 13:21:02+00'),
('fa73cef8-05c6-46ce-b719-2dcf5f404e87', 'bb485b19-45a8-429e-ab3e-13d7cb7fee59', 'requested', '0c649138-f52e-4057-bd92-f45a10797c20', 'Owner submitted the request', '2026-02-20 07:21:02+00'),
('07f31d26-8582-4938-a485-739461864e56', 'bb485b19-45a8-429e-ab3e-13d7cb7fee59', 'accepted', '7727ed6c-d14f-4193-a5b2-2a07d791a7a5', 'Mechanic accepted and is on the way', '2026-02-20 09:21:02+00'),
('ab31e262-2665-4f27-ace9-a4e0edf11f6c', 'bb485b19-45a8-429e-ab3e-13d7cb7fee59', 'in_progress', '7727ed6c-d14f-4193-a5b2-2a07d791a7a5', 'Work has started', '2026-02-20 11:21:02+00'),
('466e3f04-2a44-4921-99b6-a81ebb7bea88', '2239a17f-d35c-4fbe-ac75-a1acc90f83cf', 'requested', 'fa20aebb-ec3e-40cc-adb3-3e7f712dd7e0', 'Owner submitted the request', '2026-03-21 07:21:02+00'),
('f36512b4-0708-40cd-ba57-c215357c5f2c', '7e34524e-9a8f-48f6-a444-6813ce66af8e', 'requested', '34679a0e-5a14-43f3-9c99-274cabf13f89', 'Owner submitted the request', '2026-02-10 07:21:02+00'),
('fdc24057-8619-4a13-abdc-774af2c8afea', '7e34524e-9a8f-48f6-a444-6813ce66af8e', 'accepted', '349f9527-925d-4856-86d4-d02fee4d8328', 'Mechanic accepted and is on the way', '2026-02-10 09:21:02+00'),
('f9a2754b-a346-4519-a322-58fe4cb31dfc', '7e34524e-9a8f-48f6-a444-6813ce66af8e', 'in_progress', '349f9527-925d-4856-86d4-d02fee4d8328', 'Work has started', '2026-02-10 11:21:02+00'),
('03fd9438-3ee4-4c7e-a055-42b40df66426', '4a2a425f-c7c4-48e0-adb7-214e6898f667', 'requested', '8322ccff-d3b9-498a-8399-bc762dab9361', 'Owner submitted the request', '2026-03-09 07:21:02+00'),
('e9f4198e-f689-4d04-b146-fd8dff5863e6', '4a2a425f-c7c4-48e0-adb7-214e6898f667', 'accepted', '88361e35-0000-46e9-9b51-848399dd52a5', 'Mechanic accepted and is on the way', '2026-03-09 09:21:02+00'),
('929a8fa3-063b-4c5e-8569-c87e5da3fbc5', '4a2a425f-c7c4-48e0-adb7-214e6898f667', 'in_progress', '88361e35-0000-46e9-9b51-848399dd52a5', 'Work has started', '2026-03-09 11:21:02+00'),
('1e0879e8-222f-4ec2-8445-54a501105fc2', '4a2a425f-c7c4-48e0-adb7-214e6898f667', 'completed', '88361e35-0000-46e9-9b51-848399dd52a5', 'Job completed successfully', '2026-03-09 13:21:02+00'),
('e6fbc1a9-4be0-486e-bfc5-942fab4bc85a', '4429c15f-35f9-4b04-bd09-d3db4c4f3575', 'requested', 'c7d14d12-fc34-41ad-a755-21a347b31353', 'Owner submitted the request', '2026-02-28 07:21:02+00'),
('ccd02fdb-dd88-4793-9066-08a4ca417554', '4429c15f-35f9-4b04-bd09-d3db4c4f3575', 'accepted', 'f0da8afd-3fca-4a51-a455-5ef746e14ab2', 'Mechanic accepted and is on the way', '2026-02-28 09:21:02+00'),
('ba1d92f5-bd46-414c-b644-12ac8f00a0f4', '4429c15f-35f9-4b04-bd09-d3db4c4f3575', 'in_progress', 'f0da8afd-3fca-4a51-a455-5ef746e14ab2', 'Work has started', '2026-02-28 11:21:02+00'),
('f41482b9-ab39-4e6a-bf27-5f7313c9ee48', '4429c15f-35f9-4b04-bd09-d3db4c4f3575', 'completed', 'f0da8afd-3fca-4a51-a455-5ef746e14ab2', 'Job completed successfully', '2026-02-28 13:21:02+00'),
('d5cce628-3a37-47ef-bda8-47b7e1f9641e', '451b70e7-8039-4b1d-a847-cb3e74a27f9b', 'requested', '1046cad8-a5f9-4a86-a0a5-76e188e0fcbc', 'Owner submitted the request', '2026-03-18 07:21:02+00'),
('5be34d77-93d6-4273-9d6f-251905448a7b', '451b70e7-8039-4b1d-a847-cb3e74a27f9b', 'accepted', '177005b2-86f6-4adb-9b63-c0c7ae7a7c40', 'Mechanic accepted and is on the way', '2026-03-18 09:21:02+00'),
('43f4387a-a553-4365-9b2c-32befba14c80', '451b70e7-8039-4b1d-a847-cb3e74a27f9b', 'in_progress', '177005b2-86f6-4adb-9b63-c0c7ae7a7c40', 'Work has started', '2026-03-18 11:21:02+00'),
('d7548bd5-56fe-4edf-85e0-43e8e1604a85', '451b70e7-8039-4b1d-a847-cb3e74a27f9b', 'completed', '177005b2-86f6-4adb-9b63-c0c7ae7a7c40', 'Job completed successfully', '2026-03-18 13:21:02+00'),
('1321a68e-d21c-4827-b342-6ca979670c33', 'b613d084-9e01-4d96-a33c-6e722a88c64e', 'requested', '6b08af42-cd7c-45d3-8da2-da06dcf0a0e4', 'Owner submitted the request', '2026-03-25 07:21:02+00'),
('7d4829e2-d419-44f6-956f-1e31bc23d66a', 'b613d084-9e01-4d96-a33c-6e722a88c64e', 'accepted', '9c931e75-afae-42af-90be-e04a68c42a6d', 'Mechanic accepted and is on the way', '2026-03-25 09:21:02+00'),
('c8a8d525-6975-478b-a25e-12ad3a2bdae5', 'b613d084-9e01-4d96-a33c-6e722a88c64e', 'in_progress', '9c931e75-afae-42af-90be-e04a68c42a6d', 'Work has started', '2026-03-25 11:21:02+00'),
('f22310da-dce8-4cfd-b96e-e2c86a7995a5', 'b613d084-9e01-4d96-a33c-6e722a88c64e', 'completed', '9c931e75-afae-42af-90be-e04a68c42a6d', 'Job completed successfully', '2026-03-25 13:21:02+00'),
('78cd0c57-dd52-4887-86ad-54cdc48f07a4', '8382bb18-c242-48b5-9d7a-80359de53ea6', 'requested', '8a68b582-5d1a-4dd7-ac78-d5d3ed454253', 'Owner submitted the request', '2026-03-20 07:21:02+00'),
('3a2a9b52-ef6a-483f-a367-5f22dc50fb4a', '8382bb18-c242-48b5-9d7a-80359de53ea6', 'accepted', '7d8fc341-a99f-4a26-9b9c-091a2978befe', 'Mechanic accepted and is on the way', '2026-03-20 09:21:02+00'),
('3f708492-8c4d-47f4-80ef-f3ba46b428cd', '8382bb18-c242-48b5-9d7a-80359de53ea6', 'in_progress', '7d8fc341-a99f-4a26-9b9c-091a2978befe', 'Work has started', '2026-03-20 11:21:02+00'),
('54ca8ac3-c406-47d0-bb9b-b51beb5364cd', '8382bb18-c242-48b5-9d7a-80359de53ea6', 'completed', '7d8fc341-a99f-4a26-9b9c-091a2978befe', 'Job completed successfully', '2026-03-20 13:21:02+00'),
('d5c63fc4-db6f-4170-886f-0c4a1cd647c4', '93591626-1d44-4f4d-a5f6-5c1986c7599c', 'requested', 'd24d5ec7-b709-41f9-8fcd-3490abbf029b', 'Owner submitted the request', '2026-02-10 07:21:02+00'),
('626459e1-b6ac-4453-b29c-9ecb53306b37', 'f8715975-9084-4948-8c1d-115893d84dec', 'requested', '0096fca9-2f27-4523-b258-08f430e8847b', 'Owner submitted the request', '2026-03-24 07:21:02+00'),
('3c411b74-bafb-4181-bf8f-2b3596683a7b', 'f8715975-9084-4948-8c1d-115893d84dec', 'accepted', '49668762-4395-4b9a-9410-d9c889028e96', 'Mechanic accepted and is on the way', '2026-03-24 09:21:02+00'),
('8ed9a181-ff5e-47cd-a399-fa1e144497ef', 'f8715975-9084-4948-8c1d-115893d84dec', 'in_progress', '49668762-4395-4b9a-9410-d9c889028e96', 'Work has started', '2026-03-24 11:21:02+00'),
('1dc54d3a-ee6b-4539-a938-c853dbdc3fe3', 'f8715975-9084-4948-8c1d-115893d84dec', 'completed', '49668762-4395-4b9a-9410-d9c889028e96', 'Job completed successfully', '2026-03-24 13:21:02+00'),
('7955f325-6185-4e03-a7de-f1e086d36acd', '1bb7dde1-fe7c-4085-9af7-8981655e0abf', 'requested', 'fdd2b250-7543-49ae-b3aa-827fcc7cc765', 'Owner submitted the request', '2026-03-17 07:21:02+00'),
('9c11040e-08af-4629-8431-0f40ff2c5b8b', '2c1cada5-d3d8-4d14-b6cc-411c70b76f17', 'requested', 'a6b2c0fa-ac22-40bd-a0bc-5c989a6a77ab', 'Owner submitted the request', '2026-02-10 07:21:02+00'),
('ed668eb4-0691-4bcb-b699-f15e108f7198', '2c1cada5-d3d8-4d14-b6cc-411c70b76f17', 'accepted', '3222f24d-4d2b-4e31-802f-4a0d2db2084a', 'Mechanic accepted and is on the way', '2026-02-10 09:21:02+00'),
('2a61a1d9-097d-49da-b41f-b20e92f02d43', '2c1cada5-d3d8-4d14-b6cc-411c70b76f17', 'in_progress', '3222f24d-4d2b-4e31-802f-4a0d2db2084a', 'Work has started', '2026-02-10 11:21:02+00'),
('a548b6bf-70df-4aa1-abab-24b496c5e06f', '2c1cada5-d3d8-4d14-b6cc-411c70b76f17', 'completed', '3222f24d-4d2b-4e31-802f-4a0d2db2084a', 'Job completed successfully', '2026-02-10 13:21:02+00');

-- ------------------------------------------------------------
-- Reviews (one per completed request)
-- ------------------------------------------------------------
INSERT INTO reviews (id, request_id, owner_id, mechanic_id, rating, comment, created_at) VALUES
('4f6616df-b78c-4df8-ab99-61428b9d8ef6', '9987a3fd-9a0f-425a-888d-dfb9e4dc883f', 'c7d14d12-fc34-41ad-a755-21a347b31353', '1faa2e74-fdb1-476f-aebd-065d82c8947a', 4, 'Excellent service, will definitely call again.', '2026-04-01 19:21:02+00'),
('543a23e1-1c8d-4746-9589-f967d46cd491', '1e4471ba-3335-45c2-b128-495e06fe66b1', 'd24d5ec7-b709-41f9-8fcd-3490abbf029b', 'fc591981-6ede-4316-bc19-6b7a06e29e70', 4, 'Fixed the problem correctly the first time.', '2026-03-15 19:21:02+00'),
('7e5b6db4-e1c6-462f-ad00-87e95d70738e', '89e5b8a8-c7f5-4f79-b996-847066442ba5', 'a6b2c0fa-ac22-40bd-a0bc-5c989a6a77ab', 'b9d278ae-4020-498c-bb6f-73a5bd55b338', 5, 'Fast and reliable, highly recommended.', '2026-03-21 19:21:02+00'),
('631bdb21-0a7e-415b-8372-9d18ee52936a', '3ff3433c-12b0-4e06-a3ff-606f28be2b1c', '83c057e1-6ac0-496e-b421-14fc2562777c', '41d5a5c6-404c-419e-ad76-b7c17f2600bd', 4, 'Mechanic was professional and reasonably priced.', '2026-03-07 19:21:02+00'),
('c45af3e1-1262-4336-81a3-7b8b5e6f9076', '591a8d02-0182-4f3d-a211-d3dab1f1b553', '0e705f17-fdc0-443b-b4b9-ee6ae7e37231', '9890930b-d7ab-43c3-bce5-03fd4464d6e6', 5, 'Great mechanic, very honest about pricing.', '2026-03-28 19:21:02+00'),
('77d60a9d-6d04-417d-a23c-be7bbf4a285f', 'ca315bb1-9304-4769-90a4-679736a0a627', 'a5f177de-84e4-4e73-90f1-bb31dfa076f5', 'f74850b5-684f-4c74-95da-08818188c168', 5, 'Fast and reliable, highly recommended.', '2026-03-04 19:21:02+00'),
('046baff8-c4ba-46be-8e0e-e6bc95d48d82', '3cbac366-7662-4a81-8634-ef5ed912e643', 'fd1d33ac-0e34-478a-a33b-2c97560d887f', '4f7ac86d-7f09-4d39-b28c-d35f4b98e3a9', 3, 'Very quick response, fixed the issue in 30 minutes.', '2026-03-30 19:21:02+00'),
('de3cd738-584b-4508-91a9-b773d75018b8', '773ce257-2969-40a4-8219-776f8d664589', '08127169-b064-4539-a48a-6c50803b111c', 'fc591981-6ede-4316-bc19-6b7a06e29e70', 4, 'Mechanic was professional and reasonably priced.', '2026-03-20 19:21:02+00'),
('080e417d-8456-4531-8e7a-d4e9d86cc75b', '2a25b52e-18f2-48c9-ae1a-3fa4dd065434', 'fa20aebb-ec3e-40cc-adb3-3e7f712dd7e0', 'b9d278ae-4020-498c-bb6f-73a5bd55b338', 5, 'Great mechanic, very honest about pricing.', '2026-03-09 19:21:02+00'),
('79df0133-7383-48fc-8f13-27d31200af79', '7b27b3dd-95b6-4f75-99d9-5b59711e4052', '34679a0e-5a14-43f3-9c99-274cabf13f89', '3309c0c4-3acd-47de-aa45-01e73a5a9c32', 4, 'Arrived in 15 minutes, very impressive response time.', '2026-03-16 19:21:02+00'),
('b88e736b-bd93-415d-b6fb-a3cb0de1281c', '34ac7296-4037-4a4d-85c6-a71fd832cdb4', '6b08af42-cd7c-45d3-8da2-da06dcf0a0e4', '9890930b-d7ab-43c3-bce5-03fd4464d6e6', 4, 'Fast and reliable, highly recommended.', '2026-03-08 19:21:02+00'),
('47dfdf93-be0a-40a9-88f0-a54e75e93b43', 'dfdfe891-106f-4d1e-9757-6787d5bc7af4', '4a75a0d6-998e-48f7-8192-37fbd0c07bdc', '4f7ac86d-7f09-4d39-b28c-d35f4b98e3a9', 4, 'Arrived in 15 minutes, very impressive response time.', '2026-03-06 19:21:02+00'),
('42dc3bb2-2eb8-4d9b-9cb1-71578933e356', 'c05bd7a5-1381-4afa-8122-a1c7ea53bd77', '77564675-4375-4c06-9d1e-8d9ec73b73f7', '7e3547f4-ef2e-45e0-8d2e-2d764e727647', 5, 'Decent service, parts were a bit expensive.', '2026-03-30 19:21:02+00'),
('bcead534-d0f4-4f36-bfe6-1a4b0eb2d79b', '68dbc697-81ac-417d-96e8-540d6c4337b3', '0e705f17-fdc0-443b-b4b9-ee6ae7e37231', 'b9d278ae-4020-498c-bb6f-73a5bd55b338', 3, 'Fast and reliable, highly recommended.', '2026-03-22 19:21:02+00'),
('cc539dc8-6fb7-4d5a-88ce-39c8b6920a0e', '064a8fdb-0eae-4552-8cf6-b6f9659fec67', 'ee691780-25e0-4d26-8581-fce21f9c5889', '3309c0c4-3acd-47de-aa45-01e73a5a9c32', 5, 'Very quick response, fixed the issue in 30 minutes.', '2026-03-30 19:21:02+00'),
('a0c88b46-acce-4a33-9729-05ffc4421901', 'd9d19a97-a5fd-4451-85f3-e1fc538ddbd3', 'ea4105a8-51f1-4621-a16f-f41e0d42307e', '3180bf52-2c62-41e2-8ad9-9a88f27841c6', 4, 'Got the job done but took longer than expected.', '2026-03-18 19:21:02+00'),
('8b37c950-34cf-4643-b7ca-0b37c09137d2', 'c0e12e38-dcb5-464f-af98-3cbf24c8ee9a', 'fd1d33ac-0e34-478a-a33b-2c97560d887f', '051c2ea0-1148-4215-9c89-0551869a19e6', 5, 'Arrived in 15 minutes, very impressive response time.', '2026-03-16 19:21:02+00'),
('03400738-557d-43ba-ae28-6a4b212843b8', '9cb7d35c-8baf-47af-84c6-2088f877fa88', '4ed8ae2f-9569-4d6d-b2a7-63031b39a506', '1faa2e74-fdb1-476f-aebd-065d82c8947a', 4, 'Decent service, parts were a bit expensive.', '2026-03-28 19:21:02+00'),
('2275cde9-d860-499b-9730-a74bd585cdd2', '4a2a425f-c7c4-48e0-adb7-214e6898f667', '8322ccff-d3b9-498a-8399-bc762dab9361', 'fc591981-6ede-4316-bc19-6b7a06e29e70', 5, 'Mechanic was professional and reasonably priced.', '2026-03-12 19:21:02+00'),
('0781bfe5-396f-4014-9fe8-34714d95e28f', '4429c15f-35f9-4b04-bd09-d3db4c4f3575', 'c7d14d12-fc34-41ad-a755-21a347b31353', '7e3547f4-ef2e-45e0-8d2e-2d764e727647', 5, 'Excellent service, will definitely call again.', '2026-03-27 19:21:02+00'),
('a165daf1-f134-423f-99c8-89b0de500c9d', '451b70e7-8039-4b1d-a847-cb3e74a27f9b', '1046cad8-a5f9-4a86-a0a5-76e188e0fcbc', '691d7d75-e6cc-45fd-b37a-2f55a8961a16', 3, 'Got the job done but took longer than expected.', '2026-03-19 19:21:02+00'),
('1385d55c-669b-43ff-af4c-fb26bcf4d13e', 'b613d084-9e01-4d96-a33c-6e722a88c64e', '6b08af42-cd7c-45d3-8da2-da06dcf0a0e4', 'b9d278ae-4020-498c-bb6f-73a5bd55b338', 5, 'Great mechanic, very honest about pricing.', '2026-03-03 19:21:02+00'),
('3c03f8ba-e65b-4be9-add8-f40b7f1e847d', '8382bb18-c242-48b5-9d7a-80359de53ea6', '8a68b582-5d1a-4dd7-ac78-d5d3ed454253', '3309c0c4-3acd-47de-aa45-01e73a5a9c32', 3, 'Arrived in 15 minutes, very impressive response time.', '2026-03-06 19:21:02+00'),
('3d567a66-0d59-43ee-86a1-78ce5a1b7735', 'f8715975-9084-4948-8c1d-115893d84dec', '0096fca9-2f27-4523-b258-08f430e8847b', '2eedcae2-38de-4c5a-b05c-118d901ef1ee', 3, 'Decent service, parts were a bit expensive.', '2026-03-16 19:21:02+00'),
('1a731506-b268-4eb0-a568-c206e6fa8c29', '2c1cada5-d3d8-4d14-b6cc-411c70b76f17', 'a6b2c0fa-ac22-40bd-a0bc-5c989a6a77ab', '9890930b-d7ab-43c3-bce5-03fd4464d6e6', 3, 'Fast and reliable, highly recommended.', '2026-03-23 19:21:02+00');

-- ------------------------------------------------------------
-- Alerts (low-stock alerts per mechanic)
-- ------------------------------------------------------------
INSERT INTO alerts (id, mechanic_id, part_id, alert_type, message, is_resolved, created_at) VALUES
('d6663cc8-c587-44c7-afe8-a2793c39b029', '051c2ea0-1148-4215-9c89-0551869a19e6', '51a61469-e93f-430d-8673-1dab7c920aa0', 'low_stock', 'Low stock: "Brake Pads (Front)" — only 1 unit remaining (min: 3)', FALSE, '2026-03-29 19:21:02+00'),
('7acdb41e-178c-4ab4-8a49-0604525e2f59', '051c2ea0-1148-4215-9c89-0551869a19e6', '132c7062-5d38-48fe-ad58-7d6be28b9b23', 'low_stock', 'Low stock: "Power Steering Fluid" — only 1 unit remaining (min: 3)', FALSE, '2026-03-24 19:21:02+00'),
('80a174f5-c965-4890-bcb5-099da4eefda1', 'b490aaad-bd37-4205-98c1-3ab24f4c6dd4', 'bafea3fa-88c7-46a7-958d-3a34eabb2d14', 'low_stock', 'Low stock: "Chain Kit (Bike)" — only 1 unit remaining (min: 3)', FALSE, '2026-03-29 19:21:02+00'),
('4e8a96b9-5289-4538-a4c5-4d449368c87e', 'b490aaad-bd37-4205-98c1-3ab24f4c6dd4', 'da61d660-3050-41d3-b8c0-4372d9716e47', 'low_stock', 'Low stock: "Battery (12V)" — only 1 unit remaining (min: 3)', FALSE, '2026-03-30 19:21:02+00'),
('baa3cf9c-8502-4753-ac3e-ffa13232f72f', '1faa2e74-fdb1-476f-aebd-065d82c8947a', '94a369ec-61a2-4d6c-ae1f-bb28b0d1eafa', 'low_stock', 'Low stock: "Oxygen Sensor" — only 1 unit remaining (min: 3)', TRUE, '2026-03-23 19:21:02+00'),
('b6bc7967-ec02-456c-a36c-c67dcdd74760', '1faa2e74-fdb1-476f-aebd-065d82c8947a', '906f711b-4809-4089-91e9-2a857dc0b920', 'low_stock', 'Low stock: "Shock Absorber (Front)" — only 1 unit remaining (min: 3)', TRUE, '2026-03-30 19:21:02+00'),
('28a8cb40-58d2-4582-8b0c-1fa1a5e93788', '3dd9a728-62e9-4d2d-bb67-10929b547490', '2c4a7029-5c43-4e89-ae4d-fc831dd0eb39', 'low_stock', 'Low stock: "Oxygen Sensor" — only 1 unit remaining (min: 3)', TRUE, '2026-04-01 19:21:02+00'),
('61bec968-db78-4105-8ab9-94956fe29f3b', '3dd9a728-62e9-4d2d-bb67-10929b547490', '83950fe4-96f9-4389-9653-330748c685d8', 'low_stock', 'Low stock: "Gear Oil (1L)" — only 1 unit remaining (min: 3)', TRUE, '2026-04-01 19:21:02+00'),
('c1df510f-e120-43df-a34a-99fac54a2d95', 'f74850b5-684f-4c74-95da-08818188c168', 'b663c06e-b2c4-4885-8751-9d565fa43eb3', 'low_stock', 'Low stock: "Chain Kit (Bike)" — only 1 unit remaining (min: 3)', FALSE, '2026-03-22 19:21:02+00'),
('0230b8ef-568a-4d92-9f14-33a939615cfb', 'f74850b5-684f-4c74-95da-08818188c168', '87763223-5e92-4a0b-9596-d25f971e6f71', 'low_stock', 'Low stock: "Engine Oil Filter" — only 1 unit remaining (min: 3)', TRUE, '2026-03-23 19:21:02+00'),
('53a83513-09c3-443b-bae9-b3a5a2dfd34f', '4f7ac86d-7f09-4d39-b28c-d35f4b98e3a9', '5b1d1162-69c8-480a-ad16-d80e7881d4ca', 'low_stock', 'Low stock: "Tyre Tube (Front)" — only 1 unit remaining (min: 3)', TRUE, '2026-03-25 19:21:02+00'),
('c701d2e6-17d3-4a42-bf65-454de0d4bc7b', '4f7ac86d-7f09-4d39-b28c-d35f4b98e3a9', 'deeecf46-3b01-470d-b69d-80d8345fa49f', 'low_stock', 'Low stock: "Diesel Fuel Injector" — only 1 unit remaining (min: 3)', FALSE, '2026-03-22 19:21:02+00'),
('69407c8d-a610-4881-a1ef-29954910940e', 'fc591981-6ede-4316-bc19-6b7a06e29e70', '2399f758-dc24-4855-91ef-8c70a7fb8904', 'low_stock', 'Low stock: "Brake Fluid (500ml)" — only 1 unit remaining (min: 3)', TRUE, '2026-03-22 19:21:02+00'),
('92089692-b2b7-4dfe-a37f-7cfe4db9afea', 'fc591981-6ede-4316-bc19-6b7a06e29e70', '2583c6fb-ad5e-400f-a727-ea366ca7118e', 'low_stock', 'Low stock: "Air Filter" — only 1 unit remaining (min: 3)', FALSE, '2026-03-28 19:21:02+00'),
('db9d4255-79ae-42cb-b7a8-c263c48f8878', '7e3547f4-ef2e-45e0-8d2e-2d764e727647', '25314657-15f9-4e9b-aead-e2fd7679aa7e', 'low_stock', 'Low stock: "Headlight Bulb (H4)" — only 1 unit remaining (min: 3)', TRUE, '2026-03-30 19:21:02+00'),
('dad60dc8-9c7f-4669-9b44-a444fd47cca6', '7e3547f4-ef2e-45e0-8d2e-2d764e727647', '21f5e6a3-a930-4495-98fe-3df89a8505dd', 'low_stock', 'Low stock: "Engine Oil Filter" — only 1 unit remaining (min: 3)', FALSE, '2026-03-26 19:21:02+00'),
('4334c2af-6220-412d-83d4-66163d95c910', '691d7d75-e6cc-45fd-b37a-2f55a8961a16', '344c8bfd-89c4-4f18-90b3-8cb29b98f522', 'low_stock', 'Low stock: "Alternator Belt" — only 1 unit remaining (min: 3)', TRUE, '2026-03-27 19:21:02+00'),
('bb1a977f-cb96-4633-b457-2b665bf0a455', '691d7d75-e6cc-45fd-b37a-2f55a8961a16', '4803294f-adad-4a13-9f60-79c0cb956aae', 'low_stock', 'Low stock: "AC Compressor Belt" — only 1 unit remaining (min: 3)', TRUE, '2026-03-27 19:21:02+00'),
('eddfe34d-0494-422b-84db-1b352ea8ff6f', 'b9d278ae-4020-498c-bb6f-73a5bd55b338', 'd1946283-5374-48c0-9654-30bda964e6f3', 'low_stock', 'Low stock: "Cabin Air Filter" — only 1 unit remaining (min: 3)', FALSE, '2026-03-26 19:21:02+00'),
('ba8d02fd-f2a2-462d-8660-8395ffc91ed3', 'b9d278ae-4020-498c-bb6f-73a5bd55b338', 'ee68ff69-fdff-44a4-b585-1a6f161e33be', 'low_stock', 'Low stock: "Brake Fluid (500ml)" — only 1 unit remaining (min: 3)', TRUE, '2026-03-27 19:21:02+00'),
('cb9be5aa-6432-4dd5-9f5b-8659625fb716', '3309c0c4-3acd-47de-aa45-01e73a5a9c32', '503b6810-b802-4f4f-8d66-ea3b266aea10', 'low_stock', 'Low stock: "Diesel Fuel Injector" — only 1 unit remaining (min: 3)', TRUE, '2026-03-27 19:21:02+00'),
('0928979b-83d5-47ae-9458-74fe9310c37f', '3309c0c4-3acd-47de-aa45-01e73a5a9c32', '92d598f1-4732-4f6d-ad97-8c6c3dee5fb8', 'low_stock', 'Low stock: "Gear Oil (1L)" — only 1 unit remaining (min: 3)', TRUE, '2026-03-25 19:21:02+00'),
('923b9afc-d7ce-4808-8a81-fd632ebc5a10', '41d5a5c6-404c-419e-ad76-b7c17f2600bd', '464d038d-11f1-4c45-8120-11c4981bd004', 'low_stock', 'Low stock: "Chain Kit (Bike)" — only 1 unit remaining (min: 3)', FALSE, '2026-03-29 19:21:02+00'),
('ee4951d0-6628-4fe7-8222-8db1147089da', '41d5a5c6-404c-419e-ad76-b7c17f2600bd', '31a2797d-a182-48d9-a3b4-81f413a68c1e', 'low_stock', 'Low stock: "Radiator Coolant (1L)" — only 1 unit remaining (min: 3)', TRUE, '2026-03-31 19:21:02+00'),
('c373a7c6-dced-4999-bf4a-f30479bda1a9', '2eedcae2-38de-4c5a-b05c-118d901ef1ee', '9da27a66-bd9d-4f87-8166-968f2624032c', 'low_stock', 'Low stock: "Headlight Bulb (H4)" — only 1 unit remaining (min: 3)', FALSE, '2026-03-23 19:21:02+00'),
('f2212415-3fd8-41a1-b2bb-43ff9460edc4', '2eedcae2-38de-4c5a-b05c-118d901ef1ee', 'fe3bba81-dc05-426a-9601-903d33fed7c9', 'low_stock', 'Low stock: "Clutch Plate" — only 1 unit remaining (min: 3)', FALSE, '2026-03-29 19:21:02+00'),
('b7093823-7d5c-411e-957c-a4fadbdab4c6', '3180bf52-2c62-41e2-8ad9-9a88f27841c6', '16cad387-8f41-437b-92b1-5a799faad15b', 'low_stock', 'Low stock: "Brake Fluid (500ml)" — only 1 unit remaining (min: 3)', FALSE, '2026-03-23 19:21:02+00'),
('db4ce224-96a4-4665-b09e-9883a6eb28a6', '3180bf52-2c62-41e2-8ad9-9a88f27841c6', '9e0527a1-5d7a-4980-8a16-bbb16fe708c8', 'low_stock', 'Low stock: "Tyre Tube (Rear)" — only 1 unit remaining (min: 3)', FALSE, '2026-03-29 19:21:02+00'),
('dc9d9c39-0a4d-4bb6-a997-dca3d1c755f1', '9890930b-d7ab-43c3-bce5-03fd4464d6e6', '4546803e-1966-456e-bc01-dadc53b434e6', 'low_stock', 'Low stock: "Glow Plug (Diesel)" — only 1 unit remaining (min: 3)', FALSE, '2026-03-24 19:21:02+00'),
('ef0a1ca9-e112-43f6-864d-ef4b08f6cc85', '9890930b-d7ab-43c3-bce5-03fd4464d6e6', 'c80d100d-6fa0-4283-abc8-d88074fc5fd3', 'low_stock', 'Low stock: "Radiator Coolant (1L)" — only 1 unit remaining (min: 3)', FALSE, '2026-03-25 19:21:02+00');

REFRESH MATERIALIZED VIEW mv_mechanic_dashboard;

COMMIT;

-- ============================================================
-- Verification queries
-- ============================================================
-- SELECT role, COUNT(*) FROM users GROUP BY role;
-- SELECT COUNT(*) FROM mechanics;
-- SELECT COUNT(*) FROM spare_parts;
-- SELECT status, COUNT(*) FROM service_requests GROUP BY status;
-- SELECT COUNT(*) FROM reviews;
-- SELECT COUNT(*) FROM alerts;
